
C:\Users\Srikanth>sqlplus

SQL*Plus: Release 11.2.0.2.0 Production on Tue Oct 25 00:03:04 2022

Copyright (c) 1982, 2014, Oracle.  All rights reserved.

Enter user-name: hr
Enter password:

Connected to:
Oracle Database 11g Express Edition Release 11.2.0.2.0 - 64bit Production

SQL> select 'Hello world !!!' from dual;

'HELLOWORLD!!!'
---------------
Hello world !!!

SQL> select 10+10 from dual;

     10+10
----------
        20

SQL> select 24+56-14 from dual;

  24+56-14
----------
        66

SQL> select 88+195+99-75 from dual;

88+195+99-75
------------
         307

SQL> select * from tab;

TNAME                          TABTYPE  CLUSTERID
------------------------------ ------- ----------
COUNTRIES                      TABLE
DEPARTMENTS                    TABLE
EMPLOYEES                      TABLE
EMP_DETAILS_VIEW               VIEW
JOBS                           TABLE
JOB_HISTORY                    TABLE
LOCATIONS                      TABLE
REGIONS                        TABLE

8 rows selected.

SQL> desc dual;
 Name                                      Null?    Type
 ----------------------------------------- -------- ----------------------------
 DUMMY                                              VARCHAR2(1)

SQL> select 'how are you' from dual;

'HOWAREYOU'
-----------
how are you

SQL> select sysdate from dual;

SYSDATE
---------
25-OCT-22

SQL> set pagesize 50;
SQL> set linesize 500;
SQL>
SQL> desc Countries;
 Name
                                                                                                               Null?    Type
 ----------------------------------------------------------------------------------------------------------------------------------------------------------------------------------------------------------------------------------------------------------------------------------------------------- -------- ----------------------------------------------------------------------------------------------------------------------------------------------------------------------------------------------------
 COUNTRY_ID
                                                                                                               NOT NULL CHAR(2)
 COUNTRY_NAME
                                                                                                                        VARCHAR2(40)
 REGION_ID
                                                                                                                        NUMBER

SQL> select count(*) from employees;

  COUNT(*)
----------
       107

SQL> select count(*) from countries;

  COUNT(*)
----------
        25

SQL>

SQL> describe employees;
 Name                                      Null?    Type
 ----------------------------------------- -------- ----------------------------
 EMPLOYEE_ID                               NOT NULL NUMBER(6)
 FIRST_NAME                                         VARCHAR2(20)
 LAST_NAME                                 NOT NULL VARCHAR2(25)
 EMAIL                                     NOT NULL VARCHAR2(25)
 PHONE_NUMBER                                       VARCHAR2(20)
 HIRE_DATE                                 NOT NULL DATE
 JOB_ID                                    NOT NULL VARCHAR2(10)
 SALARY                                             NUMBER(8,2)
 COMMISSION_PCT                                     NUMBER(2,2)
 MANAGER_ID                                         NUMBER(6)
 DEPARTMENT_ID                                      NUMBER(4)

SQL> Select employee_id, first_name, salary, salary * 20 as increased_salary from employees;

EMPLOYEE_ID FIRST_NAME               SALARY INCREASED_SALARY
----------- -------------------- ---------- ----------------
        100 Steven                    24000           480000
        101 Neena                     17000           340000
        102 Lex                       17000           340000
        103 Alexander                  9000           180000
        104 Bruce                      6000           120000
        105 David                      4800            96000
        106 Valli                      4800            96000
        107 Diana                      4200            84000
        108 Nancy                     12008           240160
        109 Daniel                     9000           180000
        110 John                       8200           164000

EMPLOYEE_ID FIRST_NAME               SALARY INCREASED_SALARY
----------- -------------------- ---------- ----------------
        111 Ismael                     7700           154000
        112 Jose Manuel                7800           156000
        113 Luis                       6900           138000
        114 Den                       11000           220000
        115 Alexander                  3100            62000
        116 Shelli                     2900            58000
        117 Sigal                      2800            56000
        118 Guy                        2600            52000
        119 Karen                      2500            50000
        120 Matthew                    8000           160000
        121 Adam                       8200           164000

EMPLOYEE_ID FIRST_NAME               SALARY INCREASED_SALARY
----------- -------------------- ---------- ----------------
        122 Payam                      7900           158000
        123 Shanta                     6500           130000
        124 Kevin                      5800           116000
        125 Julia                      3200            64000
        126 Irene                      2700            54000
        127 James                      2400            48000
        128 Steven                     2200            44000
        129 Laura                      3300            66000
        130 Mozhe                      2800            56000
        131 James                      2500            50000
        132 TJ                         2100            42000

EMPLOYEE_ID FIRST_NAME               SALARY INCREASED_SALARY
----------- -------------------- ---------- ----------------
        133 Jason                      3300            66000
        134 Michael                    2900            58000
        135 Ki                         2400            48000
        136 Hazel                      2200            44000
        137 Renske                     3600            72000
        138 Stephen                    3200            64000
        139 John                       2700            54000
        140 Joshua                     2500            50000
        141 Trenna                     3500            70000
        142 Curtis                     3100            62000
        143 Randall                    2600            52000

EMPLOYEE_ID FIRST_NAME               SALARY INCREASED_SALARY
----------- -------------------- ---------- ----------------
        144 Peter                      2500            50000
        145 John                      14000           280000
        146 Karen                     13500           270000
        147 Alberto                   12000           240000
        148 Gerald                    11000           220000
        149 Eleni                     10500           210000
        150 Peter                     10000           200000
        151 David                      9500           190000
        152 Peter                      9000           180000
        153 Christopher                8000           160000
        154 Nanette                    7500           150000

EMPLOYEE_ID FIRST_NAME               SALARY INCREASED_SALARY
----------- -------------------- ---------- ----------------
        155 Oliver                     7000           140000
        156 Janette                   10000           200000
        157 Patrick                    9500           190000
        158 Allan                      9000           180000
        159 Lindsey                    8000           160000
        160 Louise                     7500           150000
        161 Sarath                     7000           140000
        162 Clara                     10500           210000
        163 Danielle                   9500           190000
        164 Mattea                     7200           144000
        165 David                      6800           136000

EMPLOYEE_ID FIRST_NAME               SALARY INCREASED_SALARY
----------- -------------------- ---------- ----------------
        166 Sundar                     6400           128000
        167 Amit                       6200           124000
        168 Lisa                      11500           230000
        169 Harrison                  10000           200000
        170 Tayler                     9600           192000
        171 William                    7400           148000
        172 Elizabeth                  7300           146000
        173 Sundita                    6100           122000
        174 Ellen                     11000           220000
        175 Alyssa                     8800           176000
        176 Jonathon                   8600           172000

EMPLOYEE_ID FIRST_NAME               SALARY INCREASED_SALARY
----------- -------------------- ---------- ----------------
        177 Jack                       8400           168000
        178 Kimberely                  7000           140000
        179 Charles                    6200           124000
        180 Winston                    3200            64000
        181 Jean                       3100            62000
        182 Martha                     2500            50000
        183 Girard                     2800            56000
        184 Nandita                    4200            84000
        185 Alexis                     4100            82000
        186 Julia                      3400            68000
        187 Anthony                    3000            60000

EMPLOYEE_ID FIRST_NAME               SALARY INCREASED_SALARY
----------- -------------------- ---------- ----------------
        188 Kelly                      3800            76000
        189 Jennifer                   3600            72000
        190 Timothy                    2900            58000
        191 Randall                    2500            50000
        192 Sarah                      4000            80000
        193 Britney                    3900            78000
        194 Samuel                     3200            64000
        195 Vance                      2800            56000
        196 Alana                      3100            62000
        197 Kevin                      3000            60000
        198 Donald                     2600            52000

EMPLOYEE_ID FIRST_NAME               SALARY INCREASED_SALARY
----------- -------------------- ---------- ----------------
        199 Douglas                    2600            52000
        200 Jennifer                   4400            88000
        201 Michael                   13000           260000
        202 Pat                        6000           120000
        203 Susan                      6500           130000
        204 Hermann                   10000           200000
        205 Shelley                   12008           240160
        206 William                    8300           166000

107 rows selected.

SQL> Select 5 + 8 / 2 * 6 - 5 from dual;

 5+8/2*6-5
----------
        24

SQL> select 9 / 2 + 3 / 4 from dual;

   9/2+3/4
----------
      5.25

SQL> select 88 + 7/99 - 73 + 333/29 from dual;

88+7/99-73+333/29
-----------------
       26.5534657

SQL> select 99 + 56.7 - 39.89 + 22.9944033 from dual;

99+56.7-39.89+22.9944033
------------------------
              138.804403

SQL> select 55/39 + 97/37 + 55 from dual;

55/39+97/37+55
--------------
     59.031878

SQL> select 55 + 22 + 567/71 from dual;

55+22+567/71
------------
  84.9859155

SQL> select employee_id as id, first_name , last_name, salary from employees where salary < 14000;

        ID FIRST_NAME           LAST_NAME                     SALARY
---------- -------------------- ------------------------- ----------
       103 Alexander            Hunold                          9000
       104 Bruce                Ernst                           6000
       105 David                Austin                          4800
       106 Valli                Pataballa                       4800
       107 Diana                Lorentz                         4200
       108 Nancy                Greenberg                      12008
       109 Daniel               Faviet                          9000
       110 John                 Chen                            8200
       111 Ismael               Sciarra                         7700
       112 Jose Manuel          Urman                           7800
       113 Luis                 Popp                            6900

        ID FIRST_NAME           LAST_NAME                     SALARY
---------- -------------------- ------------------------- ----------
       114 Den                  Raphaely                       11000
       115 Alexander            Khoo                            3100
       116 Shelli               Baida                           2900
       117 Sigal                Tobias                          2800
       118 Guy                  Himuro                          2600
       119 Karen                Colmenares                      2500
       120 Matthew              Weiss                           8000
       121 Adam                 Fripp                           8200
       122 Payam                Kaufling                        7900
       123 Shanta               Vollman                         6500
       124 Kevin                Mourgos                         5800

        ID FIRST_NAME           LAST_NAME                     SALARY
---------- -------------------- ------------------------- ----------
       125 Julia                Nayer                           3200
       126 Irene                Mikkilineni                     2700
       127 James                Landry                          2400
       128 Steven               Markle                          2200
       129 Laura                Bissot                          3300
       130 Mozhe                Atkinson                        2800
       131 James                Marlow                          2500
       132 TJ                   Olson                           2100
       133 Jason                Mallin                          3300
       134 Michael              Rogers                          2900
       135 Ki                   Gee                             2400

        ID FIRST_NAME           LAST_NAME                     SALARY
---------- -------------------- ------------------------- ----------
       136 Hazel                Philtanker                      2200
       137 Renske               Ladwig                          3600
       138 Stephen              Stiles                          3200
       139 John                 Seo                             2700
       140 Joshua               Patel                           2500
       141 Trenna               Rajs                            3500
       142 Curtis               Davies                          3100
       143 Randall              Matos                           2600
       144 Peter                Vargas                          2500
       146 Karen                Partners                       13500
       147 Alberto              Errazuriz                      12000

        ID FIRST_NAME           LAST_NAME                     SALARY
---------- -------------------- ------------------------- ----------
       148 Gerald               Cambrault                      11000
       149 Eleni                Zlotkey                        10500
       150 Peter                Tucker                         10000
       151 David                Bernstein                       9500
       152 Peter                Hall                            9000
       153 Christopher          Olsen                           8000
       154 Nanette              Cambrault                       7500
       155 Oliver               Tuvault                         7000
       156 Janette              King                           10000
       157 Patrick              Sully                           9500
       158 Allan                McEwen                          9000

        ID FIRST_NAME           LAST_NAME                     SALARY
---------- -------------------- ------------------------- ----------
       159 Lindsey              Smith                           8000
       160 Louise               Doran                           7500
       161 Sarath               Sewall                          7000
       162 Clara                Vishney                        10500
       163 Danielle             Greene                          9500
       164 Mattea               Marvins                         7200
       165 David                Lee                             6800
       166 Sundar               Ande                            6400
       167 Amit                 Banda                           6200
       168 Lisa                 Ozer                           11500
       169 Harrison             Bloom                          10000

        ID FIRST_NAME           LAST_NAME                     SALARY
---------- -------------------- ------------------------- ----------
       170 Tayler               Fox                             9600
       171 William              Smith                           7400
       172 Elizabeth            Bates                           7300
       173 Sundita              Kumar                           6100
       174 Ellen                Abel                           11000
       175 Alyssa               Hutton                          8800
       176 Jonathon             Taylor                          8600
       177 Jack                 Livingston                      8400
       178 Kimberely            Grant                           7000
       179 Charles              Johnson                         6200
       180 Winston              Taylor                          3200

        ID FIRST_NAME           LAST_NAME                     SALARY
---------- -------------------- ------------------------- ----------
       181 Jean                 Fleaur                          3100
       182 Martha               Sullivan                        2500
       183 Girard               Geoni                           2800
       184 Nandita              Sarchand                        4200
       185 Alexis               Bull                            4100
       186 Julia                Dellinger                       3400
       187 Anthony              Cabrio                          3000
       188 Kelly                Chung                           3800
       189 Jennifer             Dilly                           3600
       190 Timothy              Gates                           2900
       191 Randall              Perkins                         2500

        ID FIRST_NAME           LAST_NAME                     SALARY
---------- -------------------- ------------------------- ----------
       192 Sarah                Bell                            4000
       193 Britney              Everett                         3900
       194 Samuel               McCain                          3200
       195 Vance                Jones                           2800
       196 Alana                Walsh                           3100
       197 Kevin                Feeney                          3000
       198 Donald               OConnell                        2600
       199 Douglas              Grant                           2600
       200 Jennifer             Whalen                          4400
       201 Michael              Hartstein                      13000
       202 Pat                  Fay                             6000

        ID FIRST_NAME           LAST_NAME                     SALARY
---------- -------------------- ------------------------- ----------
       203 Susan                Mavris                          6500
       204 Hermann              Baer                           10000
       205 Shelley              Higgins                        12008
       206 William              Gietz                           8300

103 rows selected.

SQL> select employee_id, first_name, last_name , salary from employees where salary > 14000;

EMPLOYEE_ID FIRST_NAME           LAST_NAME                     SALARY
----------- -------------------- ------------------------- ----------
        100 Steven               King                           24000
        101 Neena                Kochhar                        17000
        102 Lex                  De Haan                        17000

SQL> Select employee_id as id , first_name, last_name, salary from employees where salary < 14000 and salary > 8000;

        ID FIRST_NAME           LAST_NAME                     SALARY
---------- -------------------- ------------------------- ----------
       103 Alexander            Hunold                          9000
       108 Nancy                Greenberg                      12008
       109 Daniel               Faviet                          9000
       110 John                 Chen                            8200
       114 Den                  Raphaely                       11000
       121 Adam                 Fripp                           8200
       146 Karen                Partners                       13500
       147 Alberto              Errazuriz                      12000
       148 Gerald               Cambrault                      11000
       149 Eleni                Zlotkey                        10500
       150 Peter                Tucker                         10000

        ID FIRST_NAME           LAST_NAME                     SALARY
---------- -------------------- ------------------------- ----------
       151 David                Bernstein                       9500
       152 Peter                Hall                            9000
       156 Janette              King                           10000
       157 Patrick              Sully                           9500
       158 Allan                McEwen                          9000
       162 Clara                Vishney                        10500
       163 Danielle             Greene                          9500
       168 Lisa                 Ozer                           11500
       169 Harrison             Bloom                          10000
       170 Tayler               Fox                             9600
       174 Ellen                Abel                           11000

        ID FIRST_NAME           LAST_NAME                     SALARY
---------- -------------------- ------------------------- ----------
       175 Alyssa               Hutton                          8800
       176 Jonathon             Taylor                          8600
       177 Jack                 Livingston                      8400
       201 Michael              Hartstein                      13000
       204 Hermann              Baer                           10000
       205 Shelley              Higgins                        12008
       206 William              Gietz                           8300

29 rows selected.

SQL> Select employee_id as id , first_name, last_name, salary from employees where salary < 14000 and salary > 10000;

        ID FIRST_NAME           LAST_NAME                     SALARY
---------- -------------------- ------------------------- ----------
       108 Nancy                Greenberg                      12008
       114 Den                  Raphaely                       11000
       146 Karen                Partners                       13500
       147 Alberto              Errazuriz                      12000
       148 Gerald               Cambrault                      11000
       149 Eleni                Zlotkey                        10500
       162 Clara                Vishney                        10500
       168 Lisa                 Ozer                           11500
       174 Ellen                Abel                           11000
       201 Michael              Hartstein                      13000
       205 Shelley              Higgins                        12008

11 rows selected.

SQL> Select employee_id as id, first_name, last_name, email, salary from employees where salary > 12000;

        ID FIRST_NAME           LAST_NAME
---------- -------------------- -------------------------
EMAIL                         SALARY
------------------------- ----------
       100 Steven               King
SKING                          24000

       101 Neena                Kochhar
NKOCHHAR                       17000

       102 Lex                  De Haan
LDEHAAN                        17000


        ID FIRST_NAME           LAST_NAME
---------- -------------------- -------------------------
EMAIL                         SALARY
------------------------- ----------
       108 Nancy                Greenberg
NGREENBE                       12008

       145 John                 Russell
JRUSSEL                        14000

       146 Karen                Partners
KPARTNER                       13500


        ID FIRST_NAME           LAST_NAME
---------- -------------------- -------------------------
EMAIL                         SALARY
------------------------- ----------
       201 Michael              Hartstein
MHARTSTE                       13000

       205 Shelley              Higgins
SHIGGINS                       12008


8 rows selected.

SQL> select employee_id as id,first_name, last_name, phone_number as mobile, salary from employees where salary > 11000;

        ID FIRST_NAME           LAST_NAME                 MOBILE
---------- -------------------- ------------------------- --------------------
    SALARY
----------
       100 Steven               King                      515.123.4567
     24000

       101 Neena                Kochhar                   515.123.4568
     17000

       102 Lex                  De Haan                   515.123.4569
     17000


        ID FIRST_NAME           LAST_NAME                 MOBILE
---------- -------------------- ------------------------- --------------------
    SALARY
----------
       108 Nancy                Greenberg                 515.124.4569
     12008

       145 John                 Russell                   011.44.1344.429268
     14000

       146 Karen                Partners                  011.44.1344.467268
     13500


        ID FIRST_NAME           LAST_NAME                 MOBILE
---------- -------------------- ------------------------- --------------------
    SALARY
----------
       147 Alberto              Errazuriz                 011.44.1344.429278
     12000

       168 Lisa                 Ozer                      011.44.1343.929268
     11500

       201 Michael              Hartstein                 515.123.5555
     13000


        ID FIRST_NAME           LAST_NAME                 MOBILE
---------- -------------------- ------------------------- --------------------
    SALARY
----------
       205 Shelley              Higgins                   515.123.8080
     12008


10 rows selected.

SQL>


SQL> select employee_id as id, first_name, salary from employees;

        ID FIRST_NAME               SALARY
---------- -------------------- ----------
       100 Steven                    24000
       101 Neena                     17000
       102 Lex                       17000
       103 Alexander                  9000
       104 Bruce                      6000
       105 David                      4800
       106 Valli                      4800
       107 Diana                      4200
       108 Nancy                     12008
       109 Daniel                     9000
       110 John                       8200

        ID FIRST_NAME               SALARY
---------- -------------------- ----------
       111 Ismael                     7700
       112 Jose Manuel                7800
       113 Luis                       6900
       114 Den                       11000
       115 Alexander                  3100
       116 Shelli                     2900
       117 Sigal                      2800
       118 Guy                        2600
       119 Karen                      2500
       120 Matthew                    8000
       121 Adam                       8200

        ID FIRST_NAME               SALARY
---------- -------------------- ----------
       122 Payam                      7900
       123 Shanta                     6500
       124 Kevin                      5800
       125 Julia                      3200
       126 Irene                      2700
       127 James                      2400
       128 Steven                     2200
       129 Laura                      3300
       130 Mozhe                      2800
       131 James                      2500
       132 TJ                         2100

        ID FIRST_NAME               SALARY
---------- -------------------- ----------
       133 Jason                      3300
       134 Michael                    2900
       135 Ki                         2400
       136 Hazel                      2200
       137 Renske                     3600
       138 Stephen                    3200
       139 John                       2700
       140 Joshua                     2500
       141 Trenna                     3500
       142 Curtis                     3100
       143 Randall                    2600

        ID FIRST_NAME               SALARY
---------- -------------------- ----------
       144 Peter                      2500
       145 John                      14000
       146 Karen                     13500
       147 Alberto                   12000
       148 Gerald                    11000
       149 Eleni                     10500
       150 Peter                     10000
       151 David                      9500
       152 Peter                      9000
       153 Christopher                8000
       154 Nanette                    7500

        ID FIRST_NAME               SALARY
---------- -------------------- ----------
       155 Oliver                     7000
       156 Janette                   10000
       157 Patrick                    9500
       158 Allan                      9000
       159 Lindsey                    8000
       160 Louise                     7500
       161 Sarath                     7000
       162 Clara                     10500
       163 Danielle                   9500
       164 Mattea                     7200
       165 David                      6800

        ID FIRST_NAME               SALARY
---------- -------------------- ----------
       166 Sundar                     6400
       167 Amit                       6200
       168 Lisa                      11500
       169 Harrison                  10000
       170 Tayler                     9600
       171 William                    7400
       172 Elizabeth                  7300
       173 Sundita                    6100
       174 Ellen                     11000
       175 Alyssa                     8800
       176 Jonathon                   8600

        ID FIRST_NAME               SALARY
---------- -------------------- ----------
       177 Jack                       8400
       178 Kimberely                  7000
       179 Charles                    6200
       180 Winston                    3200
       181 Jean                       3100
       182 Martha                     2500
       183 Girard                     2800
       184 Nandita                    4200
       185 Alexis                     4100
       186 Julia                      3400
       187 Anthony                    3000

        ID FIRST_NAME               SALARY
---------- -------------------- ----------
       188 Kelly                      3800
       189 Jennifer                   3600
       190 Timothy                    2900
       191 Randall                    2500
       192 Sarah                      4000
       193 Britney                    3900
       194 Samuel                     3200
       195 Vance                      2800
       196 Alana                      3100
       197 Kevin                      3000
       198 Donald                     2600

        ID FIRST_NAME               SALARY
---------- -------------------- ----------
       199 Douglas                    2600
       200 Jennifer                   4400
       201 Michael                   13000
       202 Pat                        6000
       203 Susan                      6500
       204 Hermann                   10000
       205 Shelley                   12008
       206 William                    8300

107 rows selected.

SQL>


SQL> select employee_id as id, first_name as name, salary from employees where salary > &salary;
Enter value for salary: 12000
old   1: select employee_id as id, first_name as name, salary from employees where salary > &salary
new   1: select employee_id as id, first_name as name, salary from employees where salary > 12000

        ID NAME                     SALARY
---------- -------------------- ----------
       100 Steven                    24000
       101 Neena                     17000
       102 Lex                       17000
       108 Nancy                     12008
       145 John                      14000
       146 Karen                     13500
       201 Michael                   13000
       205 Shelley                   12008

8 rows selected.

SQL> /
Enter value for salary: 11000
old   1: select employee_id as id, first_name as name, salary from employees where salary > &salary
new   1: select employee_id as id, first_name as name, salary from employees where salary > 11000

        ID NAME                     SALARY
---------- -------------------- ----------
       100 Steven                    24000
       101 Neena                     17000
       102 Lex                       17000
       108 Nancy                     12008
       145 John                      14000
       146 Karen                     13500
       147 Alberto                   12000
       168 Lisa                      11500
       201 Michael                   13000
       205 Shelley                   12008

10 rows selected.

SQL> /
Enter value for salary: 8000
old   1: select employee_id as id, first_name as name, salary from employees where salary > &salary
new   1: select employee_id as id, first_name as name, salary from employees where salary > 8000

        ID NAME                     SALARY
---------- -------------------- ----------
       100 Steven                    24000
       101 Neena                     17000
       102 Lex                       17000
       103 Alexander                  9000
       108 Nancy                     12008
       109 Daniel                     9000
       110 John                       8200
       114 Den                       11000
       121 Adam                       8200
       145 John                      14000
       146 Karen                     13500

        ID NAME                     SALARY
---------- -------------------- ----------
       147 Alberto                   12000
       148 Gerald                    11000
       149 Eleni                     10500
       150 Peter                     10000
       151 David                      9500
       152 Peter                      9000
       156 Janette                   10000
       157 Patrick                    9500
       158 Allan                      9000
       162 Clara                     10500
       163 Danielle                   9500

        ID NAME                     SALARY
---------- -------------------- ----------
       168 Lisa                      11500
       169 Harrison                  10000
       170 Tayler                     9600
       174 Ellen                     11000
       175 Alyssa                     8800
       176 Jonathon                   8600
       177 Jack                       8400
       201 Michael                   13000
       204 Hermann                   10000
       205 Shelley                   12008
       206 William                    8300

33 rows selected.

SQL> select employee_id, first_name, salary from employees where first_name = 'Lisa';

EMPLOYEE_ID FIRST_NAME               SALARY
----------- -------------------- ----------
        168 Lisa                      11500

SQL> select employee_id, first_name, salary from employees where first_name = 'Tayler';

EMPLOYEE_ID FIRST_NAME               SALARY
----------- -------------------- ----------
        170 Tayler                     9600

SQL> Select employee_id, first_name, salary from employees where first_name = 'Elle'
  2  ;

no rows selected

SQL> select employee_id,first_name, last_name from employees;

EMPLOYEE_ID FIRST_NAME           LAST_NAME
----------- -------------------- -------------------------
        100 Steven               King
        101 Neena                Kochhar
        102 Lex                  De Haan
        103 Alexander            Hunold
        104 Bruce                Ernst
        105 David                Austin
        106 Valli                Pataballa
        107 Diana                Lorentz
        108 Nancy                Greenberg
        109 Daniel               Faviet
        110 John                 Chen

EMPLOYEE_ID FIRST_NAME           LAST_NAME
----------- -------------------- -------------------------
        111 Ismael               Sciarra
        112 Jose Manuel          Urman
        113 Luis                 Popp
        114 Den                  Raphaely
        115 Alexander            Khoo
        116 Shelli               Baida
        117 Sigal                Tobias
        118 Guy                  Himuro
        119 Karen                Colmenares
        120 Matthew              Weiss
        121 Adam                 Fripp

EMPLOYEE_ID FIRST_NAME           LAST_NAME
----------- -------------------- -------------------------
        122 Payam                Kaufling
        123 Shanta               Vollman
        124 Kevin                Mourgos
        125 Julia                Nayer
        126 Irene                Mikkilineni
        127 James                Landry
        128 Steven               Markle
        129 Laura                Bissot
        130 Mozhe                Atkinson
        131 James                Marlow
        132 TJ                   Olson

EMPLOYEE_ID FIRST_NAME           LAST_NAME
----------- -------------------- -------------------------
        133 Jason                Mallin
        134 Michael              Rogers
        135 Ki                   Gee
        136 Hazel                Philtanker
        137 Renske               Ladwig
        138 Stephen              Stiles
        139 John                 Seo
        140 Joshua               Patel
        141 Trenna               Rajs
        142 Curtis               Davies
        143 Randall              Matos

EMPLOYEE_ID FIRST_NAME           LAST_NAME
----------- -------------------- -------------------------
        144 Peter                Vargas
        145 John                 Russell
        146 Karen                Partners
        147 Alberto              Errazuriz
        148 Gerald               Cambrault
        149 Eleni                Zlotkey
        150 Peter                Tucker
        151 David                Bernstein
        152 Peter                Hall
        153 Christopher          Olsen
        154 Nanette              Cambrault

EMPLOYEE_ID FIRST_NAME           LAST_NAME
----------- -------------------- -------------------------
        155 Oliver               Tuvault
        156 Janette              King
        157 Patrick              Sully
        158 Allan                McEwen
        159 Lindsey              Smith
        160 Louise               Doran
        161 Sarath               Sewall
        162 Clara                Vishney
        163 Danielle             Greene
        164 Mattea               Marvins
        165 David                Lee

EMPLOYEE_ID FIRST_NAME           LAST_NAME
----------- -------------------- -------------------------
        166 Sundar               Ande
        167 Amit                 Banda
        168 Lisa                 Ozer
        169 Harrison             Bloom
        170 Tayler               Fox
        171 William              Smith
        172 Elizabeth            Bates
        173 Sundita              Kumar
        174 Ellen                Abel
        175 Alyssa               Hutton
        176 Jonathon             Taylor

EMPLOYEE_ID FIRST_NAME           LAST_NAME
----------- -------------------- -------------------------
        177 Jack                 Livingston
        178 Kimberely            Grant
        179 Charles              Johnson
        180 Winston              Taylor
        181 Jean                 Fleaur
        182 Martha               Sullivan
        183 Girard               Geoni
        184 Nandita              Sarchand
        185 Alexis               Bull
        186 Julia                Dellinger
        187 Anthony              Cabrio

EMPLOYEE_ID FIRST_NAME           LAST_NAME
----------- -------------------- -------------------------
        188 Kelly                Chung
        189 Jennifer             Dilly
        190 Timothy              Gates
        191 Randall              Perkins
        192 Sarah                Bell
        193 Britney              Everett
        194 Samuel               McCain
        195 Vance                Jones
        196 Alana                Walsh
        197 Kevin                Feeney
        198 Donald               OConnell

EMPLOYEE_ID FIRST_NAME           LAST_NAME
----------- -------------------- -------------------------
        199 Douglas              Grant
        200 Jennifer             Whalen
        201 Michael              Hartstein
        202 Pat                  Fay
        203 Susan                Mavris
        204 Hermann              Baer
        205 Shelley              Higgins
        206 William              Gietz

107 rows selected.

SQL> select employee_id, first_name, last_name from employees where last_name = 'Dilly'
  2  ;

EMPLOYEE_ID FIRST_NAME           LAST_NAME
----------- -------------------- -------------------------
        189 Jennifer             Dilly

SQL> select employee_id, first_name, last_name from employees where last_name = 'Bell';

EMPLOYEE_ID FIRST_NAME           LAST_NAME
----------- -------------------- -------------------------
        192 Sarah                Bell

SQL> select employee_id, first_name, last_name, salary from employees where first_name = '&first_name';
Enter value for first_name: "Grant"
old   1: select employee_id, first_name, last_name, salary from employees where first_name = '&first_name'
new   1: select employee_id, first_name, last_name, salary from employees where first_name = '"Grant"'

no rows selected

SQL> select employee_id, first_name, last_name, salary from employees where first_name = '&first_name';
Enter value for first_name: Grant
old   1: select employee_id, first_name, last_name, salary from employees where first_name = '&first_name'
new   1: select employee_id, first_name, last_name, salary from employees where first_name = 'Grant'

no rows selected

SQL> select employee_id, first_name, last_name, salary from employees where first_name = '&first_name';
Enter value for first_name: Pat
old   1: select employee_id, first_name, last_name, salary from employees where first_name = '&first_name'
new   1: select employee_id, first_name, last_name, salary from employees where first_name = 'Pat'

EMPLOYEE_ID FIRST_NAME           LAST_NAME                     SALARY
----------- -------------------- ------------------------- ----------
        202 Pat                  Fay                             6000

SQL> /
Enter value for first_name: jennifer
old   1: select employee_id, first_name, last_name, salary from employees where first_name = '&first_name'
new   1: select employee_id, first_name, last_name, salary from employees where first_name = 'jennifer'

no rows selected

SQL> /
Enter value for first_name: Jennifer
old   1: select employee_id, first_name, last_name, salary from employees where first_name = '&first_name'
new   1: select employee_id, first_name, last_name, salary from employees where first_name = 'Jennifer'

EMPLOYEE_ID FIRST_NAME           LAST_NAME                     SALARY
----------- -------------------- ------------------------- ----------
        189 Jennifer             Dilly                           3600
        200 Jennifer             Whalen                          4400

SQL> /
Enter value for first_name: Tayler
old   1: select employee_id, first_name, last_name, salary from employees where first_name = '&first_name'
new   1: select employee_id, first_name, last_name, salary from employees where first_name = 'Tayler'

EMPLOYEE_ID FIRST_NAME           LAST_NAME                     SALARY
----------- -------------------- ------------------------- ----------
        170 Tayler               Fox                             9600

SQL> /
Enter value for first_name: David
old   1: select employee_id, first_name, last_name, salary from employees where first_name = '&first_name'
new   1: select employee_id, first_name, last_name, salary from employees where first_name = 'David'

EMPLOYEE_ID FIRST_NAME           LAST_NAME                     SALARY
----------- -------------------- ------------------------- ----------
        105 David                Austin                          4800
        151 David                Bernstein                       9500
        165 David                Lee                             6800

SQL> /
Enter value for first_name: Micheal
old   1: select employee_id, first_name, last_name, salary from employees where first_name = '&first_name'
new   1: select employee_id, first_name, last_name, salary from employees where first_name = 'Micheal'

no rows selected

SQL> /
Enter value for first_name: Michael
old   1: select employee_id, first_name, last_name, salary from employees where first_name = '&first_name'
new   1: select employee_id, first_name, last_name, salary from employees where first_name = 'Michael'

EMPLOYEE_ID FIRST_NAME           LAST_NAME                     SALARY
----------- -------------------- ------------------------- ----------
        201 Michael              Hartstein                      13000
        134 Michael              Rogers                          2900

SQL> /
Enter value for first_name: Neena
old   1: select employee_id, first_name, last_name, salary from employees where first_name = '&first_name'
new   1: select employee_id, first_name, last_name, salary from employees where first_name = 'Neena'

EMPLOYEE_ID FIRST_NAME           LAST_NAME                     SALARY
----------- -------------------- ------------------------- ----------
        101 Neena                Kochhar                        17000

SQL> /
Enter value for first_name: lex
old   1: select employee_id, first_name, last_name, salary from employees where first_name = '&first_name'
new   1: select employee_id, first_name, last_name, salary from employees where first_name = 'lex'

no rows selected

SQL> /
Enter value for first_name: Lex
old   1: select employee_id, first_name, last_name, salary from employees where first_name = '&first_name'
new   1: select employee_id, first_name, last_name, salary from employees where first_name = 'Lex'

EMPLOYEE_ID FIRST_NAME           LAST_NAME                     SALARY
----------- -------------------- ------------------------- ----------
        102 Lex                  De Haan                        17000

SQL> select employee_id, first_name, last_name, salary from employees where last_name = '&last_name';
Enter value for last_name: Dilly
old   1: select employee_id, first_name, last_name, salary from employees where last_name = '&last_name'
new   1: select employee_id, first_name, last_name, salary from employees where last_name = 'Dilly'

EMPLOYEE_ID FIRST_NAME           LAST_NAME                     SALARY
----------- -------------------- ------------------------- ----------
        189 Jennifer             Dilly                           3600

SQL> /
Enter value for last_name: Rogers
old   1: select employee_id, first_name, last_name, salary from employees where last_name = '&last_name'
new   1: select employee_id, first_name, last_name, salary from employees where last_name = 'Rogers'

EMPLOYEE_ID FIRST_NAME           LAST_NAME                     SALARY
----------- -------------------- ------------------------- ----------
        134 Michael              Rogers                          2900

SQL> Select employee_id, first_name, last_name from employees where employee_id = '&id';
Enter value for id: 199
old   1: Select employee_id, first_name, last_name from employees where employee_id = '&id'
new   1: Select employee_id, first_name, last_name from employees where employee_id = '199'

EMPLOYEE_ID FIRST_NAME           LAST_NAME
----------- -------------------- -------------------------
        199 Douglas              Grant

SQL> /
Enter value for id: 200
old   1: Select employee_id, first_name, last_name from employees where employee_id = '&id'
new   1: Select employee_id, first_name, last_name from employees where employee_id = '200'

EMPLOYEE_ID FIRST_NAME           LAST_NAME
----------- -------------------- -------------------------
        200 Jennifer             Whalen

SQL> /
Enter value for id: 155
old   1: Select employee_id, first_name, last_name from employees where employee_id = '&id'
new   1: Select employee_id, first_name, last_name from employees where employee_id = '155'

EMPLOYEE_ID FIRST_NAME           LAST_NAME
----------- -------------------- -------------------------
        155 Oliver               Tuvault

SQL> /
Enter value for id: 177
old   1: Select employee_id, first_name, last_name from employees where employee_id = '&id'
new   1: Select employee_id, first_name, last_name from employees where employee_id = '177'

EMPLOYEE_ID FIRST_NAME           LAST_NAME
----------- -------------------- -------------------------
        177 Jack                 Livingston

SQL> /
Enter value for id: 100
old   1: Select employee_id, first_name, last_name from employees where employee_id = '&id'
new   1: Select employee_id, first_name, last_name from employees where employee_id = '100'

EMPLOYEE_ID FIRST_NAME           LAST_NAME
----------- -------------------- -------------------------
        100 Steven               King

SQL> Select employee_id,first_name, last_name from employees where salary > '&salary';
Enter value for salary: 14000
old   1: Select employee_id,first_name, last_name from employees where salary > '&salary'
new   1: Select employee_id,first_name, last_name from employees where salary > '14000'

EMPLOYEE_ID FIRST_NAME           LAST_NAME
----------- -------------------- -------------------------
        100 Steven               King
        101 Neena                Kochhar
        102 Lex                  De Haan

SQL> select employee_id, first_name, last_name, salary from employees where salary > '&salary';
Enter value for salary: 14000
old   1: select employee_id, first_name, last_name, salary from employees where salary > '&salary'
new   1: select employee_id, first_name, last_name, salary from employees where salary > '14000'

EMPLOYEE_ID FIRST_NAME           LAST_NAME                     SALARY
----------- -------------------- ------------------------- ----------
        100 Steven               King                           24000
        101 Neena                Kochhar                        17000
        102 Lex                  De Haan                        17000

SQL> /
Enter value for salary: 1420
old   1: select employee_id, first_name, last_name, salary from employees where salary > '&salary'
new   1: select employee_id, first_name, last_name, salary from employees where salary > '1420'

EMPLOYEE_ID FIRST_NAME           LAST_NAME                     SALARY
----------- -------------------- ------------------------- ----------
        100 Steven               King                           24000
        101 Neena                Kochhar                        17000
        102 Lex                  De Haan                        17000
        103 Alexander            Hunold                          9000
        104 Bruce                Ernst                           6000
        105 David                Austin                          4800
        106 Valli                Pataballa                       4800
        107 Diana                Lorentz                         4200
        108 Nancy                Greenberg                      12008
        109 Daniel               Faviet                          9000
        110 John                 Chen                            8200

EMPLOYEE_ID FIRST_NAME           LAST_NAME                     SALARY
----------- -------------------- ------------------------- ----------
        111 Ismael               Sciarra                         7700
        112 Jose Manuel          Urman                           7800
        113 Luis                 Popp                            6900
        114 Den                  Raphaely                       11000
        115 Alexander            Khoo                            3100
        116 Shelli               Baida                           2900
        117 Sigal                Tobias                          2800
        118 Guy                  Himuro                          2600
        119 Karen                Colmenares                      2500
        120 Matthew              Weiss                           8000
        121 Adam                 Fripp                           8200

EMPLOYEE_ID FIRST_NAME           LAST_NAME                     SALARY
----------- -------------------- ------------------------- ----------
        122 Payam                Kaufling                        7900
        123 Shanta               Vollman                         6500
        124 Kevin                Mourgos                         5800
        125 Julia                Nayer                           3200
        126 Irene                Mikkilineni                     2700
        127 James                Landry                          2400
        128 Steven               Markle                          2200
        129 Laura                Bissot                          3300
        130 Mozhe                Atkinson                        2800
        131 James                Marlow                          2500
        132 TJ                   Olson                           2100

EMPLOYEE_ID FIRST_NAME           LAST_NAME                     SALARY
----------- -------------------- ------------------------- ----------
        133 Jason                Mallin                          3300
        134 Michael              Rogers                          2900
        135 Ki                   Gee                             2400
        136 Hazel                Philtanker                      2200
        137 Renske               Ladwig                          3600
        138 Stephen              Stiles                          3200
        139 John                 Seo                             2700
        140 Joshua               Patel                           2500
        141 Trenna               Rajs                            3500
        142 Curtis               Davies                          3100
        143 Randall              Matos                           2600

EMPLOYEE_ID FIRST_NAME           LAST_NAME                     SALARY
----------- -------------------- ------------------------- ----------
        144 Peter                Vargas                          2500
        145 John                 Russell                        14000
        146 Karen                Partners                       13500
        147 Alberto              Errazuriz                      12000
        148 Gerald               Cambrault                      11000
        149 Eleni                Zlotkey                        10500
        150 Peter                Tucker                         10000
        151 David                Bernstein                       9500
        152 Peter                Hall                            9000
        153 Christopher          Olsen                           8000
        154 Nanette              Cambrault                       7500

EMPLOYEE_ID FIRST_NAME           LAST_NAME                     SALARY
----------- -------------------- ------------------------- ----------
        155 Oliver               Tuvault                         7000
        156 Janette              King                           10000
        157 Patrick              Sully                           9500
        158 Allan                McEwen                          9000
        159 Lindsey              Smith                           8000
        160 Louise               Doran                           7500
        161 Sarath               Sewall                          7000
        162 Clara                Vishney                        10500
        163 Danielle             Greene                          9500
        164 Mattea               Marvins                         7200
        165 David                Lee                             6800

EMPLOYEE_ID FIRST_NAME           LAST_NAME                     SALARY
----------- -------------------- ------------------------- ----------
        166 Sundar               Ande                            6400
        167 Amit                 Banda                           6200
        168 Lisa                 Ozer                           11500
        169 Harrison             Bloom                          10000
        170 Tayler               Fox                             9600
        171 William              Smith                           7400
        172 Elizabeth            Bates                           7300
        173 Sundita              Kumar                           6100
        174 Ellen                Abel                           11000
        175 Alyssa               Hutton                          8800
        176 Jonathon             Taylor                          8600

EMPLOYEE_ID FIRST_NAME           LAST_NAME                     SALARY
----------- -------------------- ------------------------- ----------
        177 Jack                 Livingston                      8400
        178 Kimberely            Grant                           7000
        179 Charles              Johnson                         6200
        180 Winston              Taylor                          3200
        181 Jean                 Fleaur                          3100
        182 Martha               Sullivan                        2500
        183 Girard               Geoni                           2800
        184 Nandita              Sarchand                        4200
        185 Alexis               Bull                            4100
        186 Julia                Dellinger                       3400
        187 Anthony              Cabrio                          3000

EMPLOYEE_ID FIRST_NAME           LAST_NAME                     SALARY
----------- -------------------- ------------------------- ----------
        188 Kelly                Chung                           3800
        189 Jennifer             Dilly                           3600
        190 Timothy              Gates                           2900
        191 Randall              Perkins                         2500
        192 Sarah                Bell                            4000
        193 Britney              Everett                         3900
        194 Samuel               McCain                          3200
        195 Vance                Jones                           2800
        196 Alana                Walsh                           3100
        197 Kevin                Feeney                          3000
        198 Donald               OConnell                        2600

EMPLOYEE_ID FIRST_NAME           LAST_NAME                     SALARY
----------- -------------------- ------------------------- ----------
        199 Douglas              Grant                           2600
        200 Jennifer             Whalen                          4400
        201 Michael              Hartstein                      13000
        202 Pat                  Fay                             6000
        203 Susan                Mavris                          6500
        204 Hermann              Baer                           10000
        205 Shelley              Higgins                        12008
        206 William              Gietz                           8300

107 rows selected.

SQL> /
Enter value for salary: 5000
old   1: select employee_id, first_name, last_name, salary from employees where salary > '&salary'
new   1: select employee_id, first_name, last_name, salary from employees where salary > '5000'

EMPLOYEE_ID FIRST_NAME           LAST_NAME                     SALARY
----------- -------------------- ------------------------- ----------
        100 Steven               King                           24000
        101 Neena                Kochhar                        17000
        102 Lex                  De Haan                        17000
        103 Alexander            Hunold                          9000
        104 Bruce                Ernst                           6000
        108 Nancy                Greenberg                      12008
        109 Daniel               Faviet                          9000
        110 John                 Chen                            8200
        111 Ismael               Sciarra                         7700
        112 Jose Manuel          Urman                           7800
        113 Luis                 Popp                            6900

EMPLOYEE_ID FIRST_NAME           LAST_NAME                     SALARY
----------- -------------------- ------------------------- ----------
        114 Den                  Raphaely                       11000
        120 Matthew              Weiss                           8000
        121 Adam                 Fripp                           8200
        122 Payam                Kaufling                        7900
        123 Shanta               Vollman                         6500
        124 Kevin                Mourgos                         5800
        145 John                 Russell                        14000
        146 Karen                Partners                       13500
        147 Alberto              Errazuriz                      12000
        148 Gerald               Cambrault                      11000
        149 Eleni                Zlotkey                        10500

EMPLOYEE_ID FIRST_NAME           LAST_NAME                     SALARY
----------- -------------------- ------------------------- ----------
        150 Peter                Tucker                         10000
        151 David                Bernstein                       9500
        152 Peter                Hall                            9000
        153 Christopher          Olsen                           8000
        154 Nanette              Cambrault                       7500
        155 Oliver               Tuvault                         7000
        156 Janette              King                           10000
        157 Patrick              Sully                           9500
        158 Allan                McEwen                          9000
        159 Lindsey              Smith                           8000
        160 Louise               Doran                           7500

EMPLOYEE_ID FIRST_NAME           LAST_NAME                     SALARY
----------- -------------------- ------------------------- ----------
        161 Sarath               Sewall                          7000
        162 Clara                Vishney                        10500
        163 Danielle             Greene                          9500
        164 Mattea               Marvins                         7200
        165 David                Lee                             6800
        166 Sundar               Ande                            6400
        167 Amit                 Banda                           6200
        168 Lisa                 Ozer                           11500
        169 Harrison             Bloom                          10000
        170 Tayler               Fox                             9600
        171 William              Smith                           7400

EMPLOYEE_ID FIRST_NAME           LAST_NAME                     SALARY
----------- -------------------- ------------------------- ----------
        172 Elizabeth            Bates                           7300
        173 Sundita              Kumar                           6100
        174 Ellen                Abel                           11000
        175 Alyssa               Hutton                          8800
        176 Jonathon             Taylor                          8600
        177 Jack                 Livingston                      8400
        178 Kimberely            Grant                           7000
        179 Charles              Johnson                         6200
        201 Michael              Hartstein                      13000
        202 Pat                  Fay                             6000
        203 Susan                Mavris                          6500

EMPLOYEE_ID FIRST_NAME           LAST_NAME                     SALARY
----------- -------------------- ------------------------- ----------
        204 Hermann              Baer                           10000
        205 Shelley              Higgins                        12008
        206 William              Gietz                           8300

58 rows selected.

SQL> /
Enter value for salary: 20000
old   1: select employee_id, first_name, last_name, salary from employees where salary > '&salary'
new   1: select employee_id, first_name, last_name, salary from employees where salary > '20000'

EMPLOYEE_ID FIRST_NAME           LAST_NAME                     SALARY
----------- -------------------- ------------------------- ----------
        100 Steven               King                           24000

SQL> /
Enter value for salary: 15000
old   1: select employee_id, first_name, last_name, salary from employees where salary > '&salary'
new   1: select employee_id, first_name, last_name, salary from employees where salary > '15000'

EMPLOYEE_ID FIRST_NAME           LAST_NAME                     SALARY
----------- -------------------- ------------------------- ----------
        100 Steven               King                           24000
        101 Neena                Kochhar                        17000
        102 Lex                  De Haan                        17000

SQL> /
Enter value for salary: 10000
old   1: select employee_id, first_name, last_name, salary from employees where salary > '&salary'
new   1: select employee_id, first_name, last_name, salary from employees where salary > '10000'

EMPLOYEE_ID FIRST_NAME           LAST_NAME                     SALARY
----------- -------------------- ------------------------- ----------
        100 Steven               King                           24000
        101 Neena                Kochhar                        17000
        102 Lex                  De Haan                        17000
        108 Nancy                Greenberg                      12008
        114 Den                  Raphaely                       11000
        145 John                 Russell                        14000
        146 Karen                Partners                       13500
        147 Alberto              Errazuriz                      12000
        148 Gerald               Cambrault                      11000
        149 Eleni                Zlotkey                        10500
        162 Clara                Vishney                        10500

EMPLOYEE_ID FIRST_NAME           LAST_NAME                     SALARY
----------- -------------------- ------------------------- ----------
        168 Lisa                 Ozer                           11500
        174 Ellen                Abel                           11000
        201 Michael              Hartstein                      13000
        205 Shelley              Higgins                        12008

15 rows selected.

SQL> /
Enter value for salary: 25000
old   1: select employee_id, first_name, last_name, salary from employees where salary > '&salary'
new   1: select employee_id, first_name, last_name, salary from employees where salary > '25000'

no rows selected

SQL> /
Enter value for salary: 24000
old   1: select employee_id, first_name, last_name, salary from employees where salary > '&salary'
new   1: select employee_id, first_name, last_name, salary from employees where salary > '24000'

no rows selected

SQL> select employee_id,first_name, last_name, salary from employees where salary >= '&salary';
Enter value for salary: 15000
old   1: select employee_id,first_name, last_name, salary from employees where salary >= '&salary'
new   1: select employee_id,first_name, last_name, salary from employees where salary >= '15000'

EMPLOYEE_ID FIRST_NAME           LAST_NAME                     SALARY
----------- -------------------- ------------------------- ----------
        100 Steven               King                           24000
        101 Neena                Kochhar                        17000
        102 Lex                  De Haan                        17000

SQL> /
Enter value for salary: 25000
old   1: select employee_id,first_name, last_name, salary from employees where salary >= '&salary'
new   1: select employee_id,first_name, last_name, salary from employees where salary >= '25000'

no rows selected

SQL> /
Enter value for salary: 24000
old   1: select employee_id,first_name, last_name, salary from employees where salary >= '&salary'
new   1: select employee_id,first_name, last_name, salary from employees where salary >= '24000'

EMPLOYEE_ID FIRST_NAME           LAST_NAME                     SALARY
----------- -------------------- ------------------------- ----------
        100 Steven               King                           24000

SQL> /
Enter value for salary: 17000
old   1: select employee_id,first_name, last_name, salary from employees where salary >= '&salary'
new   1: select employee_id,first_name, last_name, salary from employees where salary >= '17000'

EMPLOYEE_ID FIRST_NAME           LAST_NAME                     SALARY
----------- -------------------- ------------------------- ----------
        100 Steven               King                           24000
        101 Neena                Kochhar                        17000
        102 Lex                  De Haan                        17000

SQL> /
Enter value for salary: 14000
old   1: select employee_id,first_name, last_name, salary from employees where salary >= '&salary'
new   1: select employee_id,first_name, last_name, salary from employees where salary >= '14000'

EMPLOYEE_ID FIRST_NAME           LAST_NAME                     SALARY
----------- -------------------- ------------------------- ----------
        100 Steven               King                           24000
        101 Neena                Kochhar                        17000
        102 Lex                  De Haan                        17000
        145 John                 Russell                        14000

SQL>


SQL> desc employees;
 Name                                      Null?    Type
 ----------------------------------------- -------- ----------------------------
 EMPLOYEE_ID                               NOT NULL NUMBER(6)
 FIRST_NAME                                         VARCHAR2(20)
 LAST_NAME                                 NOT NULL VARCHAR2(25)
 EMAIL                                     NOT NULL VARCHAR2(25)
 PHONE_NUMBER                                       VARCHAR2(20)
 HIRE_DATE                                 NOT NULL DATE
 JOB_ID                                    NOT NULL VARCHAR2(10)
 SALARY                                             NUMBER(8,2)
 COMMISSION_PCT                                     NUMBER(2,2)
 MANAGER_ID                                         NUMBER(6)
 DEPARTMENT_ID                                      NUMBER(4)

SQL> select employee_id,first_name, last_name from employees where first_name like 'a%';

no rows selected

SQL> select employee_id,first_name, last_name from employees where first_name like 'J%';

EMPLOYEE_ID FIRST_NAME           LAST_NAME
----------- -------------------- -------------------------
        110 John                 Chen
        186 Julia                Dellinger
        189 Jennifer             Dilly
        181 Jean                 Fleaur
        156 Janette              King
        127 James                Landry
        177 Jack                 Livingston
        133 Jason                Mallin
        131 James                Marlow
        125 Julia                Nayer
        140 Joshua               Patel

EMPLOYEE_ID FIRST_NAME           LAST_NAME
----------- -------------------- -------------------------
        145 John                 Russell
        139 John                 Seo
        176 Jonathon             Taylor
        112 Jose Manuel          Urman
        200 Jennifer             Whalen

16 rows selected.

SQL> Select employee_id,first_name, last_name from employees where last_name like 'D%';

EMPLOYEE_ID FIRST_NAME           LAST_NAME
----------- -------------------- -------------------------
        142 Curtis               Davies
        102 Lex                  De Haan
        186 Julia                Dellinger
        189 Jennifer             Dilly
        160 Louise               Doran

SQL> Select employee_id,first_name, last_name from employees where last_name like 'P%';

EMPLOYEE_ID FIRST_NAME           LAST_NAME
----------- -------------------- -------------------------
        146 Karen                Partners
        106 Valli                Pataballa
        140 Joshua               Patel
        191 Randall              Perkins
        136 Hazel                Philtanker
        113 Luis                 Popp

6 rows selected.

SQL> Select employee_id as id, first_name as name , salary from employees where first_name like 'A%';

        ID NAME                     SALARY
---------- -------------------- ----------
       167 Amit                       6200
       185 Alexis                     4100
       187 Anthony                    3000
       147 Alberto                   12000
       121 Adam                       8200
       103 Alexander                  9000
       175 Alyssa                     8800
       115 Alexander                  3100
       158 Allan                      9000
       196 Alana                      3100

10 rows selected.

SQL> Select employee_id, first_name , salary from employees where first_name like 'Je%';

EMPLOYEE_ID FIRST_NAME               SALARY
----------- -------------------- ----------
        189 Jennifer                   3600
        181 Jean                       3100
        200 Jennifer                   4400

SQL> Select employee_id, first_name, salary from employees where first_name like 'R%';

EMPLOYEE_ID FIRST_NAME               SALARY
----------- -------------------- ----------
        137 Renske                     3600
        143 Randall                    2600
        191 Randall                    2500

SQL> Select employee_id, first_name, salary from employees where first_name like 'Re%';

EMPLOYEE_ID FIRST_NAME               SALARY
----------- -------------------- ----------
        137 Renske                     3600

SQL> Select employee_id,first_name,salary from employees where first_name like 'H%';

EMPLOYEE_ID FIRST_NAME               SALARY
----------- -------------------- ----------
        204 Hermann                   10000
        169 Harrison                  10000
        136 Hazel                      2200

SQL> Select employee_id,first_name,salary from employees where first_name like 'He%';

EMPLOYEE_ID FIRST_NAME               SALARY
----------- -------------------- ----------
        204 Hermann                   10000

SQL> Select employee_id,first_name , salary from employees where first_name like 'W%';

EMPLOYEE_ID FIRST_NAME               SALARY
----------- -------------------- ----------
        206 William                    8300
        171 William                    7400
        180 Winston                    3200

SQL> Select employee_id,first_name , salary from employees where first_name like 'Win%';

EMPLOYEE_ID FIRST_NAME               SALARY
----------- -------------------- ----------
        180 Winston                    3200

SQL> Select employee_id,first_name , salary from employees where first_name like 'Wil%';

EMPLOYEE_ID FIRST_NAME               SALARY
----------- -------------------- ----------
        206 William                    8300
        171 William                    7400

SQL>


SQL> select employee_id,first_name,last_name from employees where first_name like '%a';

EMPLOYEE_ID FIRST_NAME           LAST_NAME
----------- -------------------- -------------------------
        101 Neena                Kochhar
        107 Diana                Lorentz
        123 Shanta               Vollman
        125 Julia                Nayer
        129 Laura                Bissot
        140 Joshua               Patel
        141 Trenna               Rajs
        162 Clara                Vishney
        164 Mattea               Marvins
        168 Lisa                 Ozer
        173 Sundita              Kumar

EMPLOYEE_ID FIRST_NAME           LAST_NAME
----------- -------------------- -------------------------
        175 Alyssa               Hutton
        182 Martha               Sullivan
        184 Nandita              Sarchand
        186 Julia                Dellinger
        196 Alana                Walsh

16 rows selected.

SQL> select employee_id,first_name , last_name, salary from employees where first_name like '%ita';

EMPLOYEE_ID FIRST_NAME           LAST_NAME                     SALARY
----------- -------------------- ------------------------- ----------
        173 Sundita              Kumar                           6100
        184 Nandita              Sarchand                        4200

SQL> select employee_id, first_name, last_name, salary from employees where first_name like '%ssa';

EMPLOYEE_ID FIRST_NAME           LAST_NAME                     SALARY
----------- -------------------- ------------------------- ----------
        175 Alyssa               Hutton                          8800

SQL> select employee_id, first_name, last_name, salary from employees where first_name like '%ia';

EMPLOYEE_ID FIRST_NAME           LAST_NAME                     SALARY
----------- -------------------- ------------------------- ----------
        125 Julia                Nayer                           3200
        186 Julia                Dellinger                       3400

SQL> select employee_id, first_name, last_name, salary from employees where first_name like '%&fname';
Enter value for fname: isa
old   1: select employee_id, first_name, last_name, salary from employees where first_name like '%&fname'
new   1: select employee_id, first_name, last_name, salary from employees where first_name like '%isa'

EMPLOYEE_ID FIRST_NAME           LAST_NAME                     SALARY
----------- -------------------- ------------------------- ----------
        168 Lisa                 Ozer                           11500

SQL> /
Enter value for fname: tea
old   1: select employee_id, first_name, last_name, salary from employees where first_name like '%&fname'
new   1: select employee_id, first_name, last_name, salary from employees where first_name like '%tea'

EMPLOYEE_ID FIRST_NAME           LAST_NAME                     SALARY
----------- -------------------- ------------------------- ----------
        164 Mattea               Marvins                         7200

SQL> /
Enter value for fname: hua
old   1: select employee_id, first_name, last_name, salary from employees where first_name like '%&fname'
new   1: select employee_id, first_name, last_name, salary from employees where first_name like '%hua'

EMPLOYEE_ID FIRST_NAME           LAST_NAME                     SALARY
----------- -------------------- ------------------------- ----------
        140 Joshua               Patel                           2500

SQL> /
Enter value for fname: nta
old   1: select employee_id, first_name, last_name, salary from employees where first_name like '%&fname'
new   1: select employee_id, first_name, last_name, salary from employees where first_name like '%nta'

EMPLOYEE_ID FIRST_NAME           LAST_NAME                     SALARY
----------- -------------------- ------------------------- ----------
        123 Shanta               Vollman                         6500

SQL> /
Enter value for fname: ara
old   1: select employee_id, first_name, last_name, salary from employees where first_name like '%&fname'
new   1: select employee_id, first_name, last_name, salary from employees where first_name like '%ara'

EMPLOYEE_ID FIRST_NAME           LAST_NAME                     SALARY
----------- -------------------- ------------------------- ----------
        162 Clara                Vishney                        10500

SQL> Select employee_id, first_name, last_name, salary from employees where last_name like '%h';

EMPLOYEE_ID FIRST_NAME           LAST_NAME                     SALARY
----------- -------------------- ------------------------- ----------
        159 Lindsey              Smith                           8000
        171 William              Smith                           7400
        196 Alana                Walsh                           3100

SQL> Select employee_id, first_name, last_name from employees where last_name like '%lsh';

EMPLOYEE_ID FIRST_NAME           LAST_NAME
----------- -------------------- -------------------------
        196 Alana                Walsh

SQL> select employee_id, first_name, last_name from employees where last_name like '%y';

EMPLOYEE_ID FIRST_NAME           LAST_NAME
----------- -------------------- -------------------------
        114 Den                  Raphaely
        127 James                Landry
        149 Eleni                Zlotkey
        157 Patrick              Sully
        162 Clara                Vishney
        189 Jennifer             Dilly
        197 Kevin                Feeney
        202 Pat                  Fay

8 rows selected.

SQL> Select employee_id, first_name , last_name from employees where last_name like '%lly';

EMPLOYEE_ID FIRST_NAME           LAST_NAME
----------- -------------------- -------------------------
        157 Patrick              Sully
        189 Jennifer             Dilly


SQL> Select employee_id, first_name, last_name from employees where last_name like '%ah';

no rows selected

SQL> Select employee_id, first_name, last_name from employees where last_name like '%ey';

EMPLOYEE_ID FIRST_NAME           LAST_NAME
----------- -------------------- -------------------------
        149 Eleni                Zlotkey
        162 Clara                Vishney
        197 Kevin                Feeney

SQL> Select employee_id, first_name, last_name from employees where last_name like '%er';

EMPLOYEE_ID FIRST_NAME           LAST_NAME
----------- -------------------- -------------------------
        125 Julia                Nayer
        136 Hazel                Philtanker
        150 Peter                Tucker
        168 Lisa                 Ozer
        186 Julia                Dellinger
        204 Hermann              Baer

6 rows selected.

SQL> Select employee_id,first_name, last_name from employees where last_name like '%ker';

EMPLOYEE_ID FIRST_NAME           LAST_NAME
----------- -------------------- -------------------------
        136 Hazel                Philtanker
        150 Peter                Tucker

SQL> Select employee_id,first_name, last_name from employees where last_name like '%h';

EMPLOYEE_ID FIRST_NAME           LAST_NAME
----------- -------------------- -------------------------
        159 Lindsey              Smith
        171 William              Smith
        196 Alana                Walsh

SQL> Select employee_id,first_name, last_name from employees where last_name like '%th';

EMPLOYEE_ID FIRST_NAME           LAST_NAME
----------- -------------------- -------------------------
        159 Lindsey              Smith
        171 William              Smith

SQL> Select employee_id,first_name, last_name from employees where last_name like '%oh';

no rows selected


SQL> Select employee_id, first_name, last_name from employees where last_name like '%ah%';

no rows selected

SQL>


SQL> select * from employees;

EMPLOYEE_ID FIRST_NAME           LAST_NAME
----------- -------------------- -------------------------
EMAIL                     PHONE_NUMBER         HIRE_DATE JOB_ID         SALARY
------------------------- -------------------- --------- ---------- ----------
COMMISSION_PCT MANAGER_ID DEPARTMENT_ID
-------------- ---------- -------------
        100 Steven               King
SKING                     515.123.4567         17-JUN-03 AD_PRES         24000
                                     90

        101 Neena                Kochhar
NKOCHHAR                  515.123.4568         21-SEP-05 AD_VP           17000
                      100            90

EMPLOYEE_ID FIRST_NAME           LAST_NAME
----------- -------------------- -------------------------
EMAIL                     PHONE_NUMBER         HIRE_DATE JOB_ID         SALARY
------------------------- -------------------- --------- ---------- ----------
COMMISSION_PCT MANAGER_ID DEPARTMENT_ID
-------------- ---------- -------------

        102 Lex                  De Haan
LDEHAAN                   515.123.4569         13-JAN-01 AD_VP           17000
                      100            90

        103 Alexander            Hunold
AHUNOLD                   590.423.4567         03-JAN-06 IT_PROG          9000

EMPLOYEE_ID FIRST_NAME           LAST_NAME
----------- -------------------- -------------------------
EMAIL                     PHONE_NUMBER         HIRE_DATE JOB_ID         SALARY
------------------------- -------------------- --------- ---------- ----------
COMMISSION_PCT MANAGER_ID DEPARTMENT_ID
-------------- ---------- -------------
                      102            60

        104 Bruce                Ernst
BERNST                    590.423.4568         21-MAY-07 IT_PROG          6000
                      103            60

        105 David                Austin

EMPLOYEE_ID FIRST_NAME           LAST_NAME
----------- -------------------- -------------------------
EMAIL                     PHONE_NUMBER         HIRE_DATE JOB_ID         SALARY
------------------------- -------------------- --------- ---------- ----------
COMMISSION_PCT MANAGER_ID DEPARTMENT_ID
-------------- ---------- -------------
DAUSTIN                   590.423.4569         25-JUN-05 IT_PROG          4800
                      103            60

        106 Valli                Pataballa
VPATABAL                  590.423.4560         05-FEB-06 IT_PROG          4800
                      103            60


EMPLOYEE_ID FIRST_NAME           LAST_NAME
----------- -------------------- -------------------------
EMAIL                     PHONE_NUMBER         HIRE_DATE JOB_ID         SALARY
------------------------- -------------------- --------- ---------- ----------
COMMISSION_PCT MANAGER_ID DEPARTMENT_ID
-------------- ---------- -------------
        107 Diana                Lorentz
DLORENTZ                  590.423.5567         07-FEB-07 IT_PROG          4200
                      103            60

        108 Nancy                Greenberg
NGREENBE                  515.124.4569         17-AUG-02 FI_MGR          12008
                      101           100

EMPLOYEE_ID FIRST_NAME           LAST_NAME
----------- -------------------- -------------------------
EMAIL                     PHONE_NUMBER         HIRE_DATE JOB_ID         SALARY
------------------------- -------------------- --------- ---------- ----------
COMMISSION_PCT MANAGER_ID DEPARTMENT_ID
-------------- ---------- -------------

        109 Daniel               Faviet
DFAVIET                   515.124.4169         16-AUG-02 FI_ACCOUNT       9000
                      108           100

        110 John                 Chen
JCHEN                     515.124.4269         28-SEP-05 FI_ACCOUNT       8200

EMPLOYEE_ID FIRST_NAME           LAST_NAME
----------- -------------------- -------------------------
EMAIL                     PHONE_NUMBER         HIRE_DATE JOB_ID         SALARY
------------------------- -------------------- --------- ---------- ----------
COMMISSION_PCT MANAGER_ID DEPARTMENT_ID
-------------- ---------- -------------
                      108           100

        111 Ismael               Sciarra
ISCIARRA                  515.124.4369         30-SEP-05 FI_ACCOUNT       7700
                      108           100

        112 Jose Manuel          Urman

EMPLOYEE_ID FIRST_NAME           LAST_NAME
----------- -------------------- -------------------------
EMAIL                     PHONE_NUMBER         HIRE_DATE JOB_ID         SALARY
------------------------- -------------------- --------- ---------- ----------
COMMISSION_PCT MANAGER_ID DEPARTMENT_ID
-------------- ---------- -------------
JMURMAN                   515.124.4469         07-MAR-06 FI_ACCOUNT       7800
                      108           100

        113 Luis                 Popp
LPOPP                     515.124.4567         07-DEC-07 FI_ACCOUNT       6900
                      108           100


EMPLOYEE_ID FIRST_NAME           LAST_NAME
----------- -------------------- -------------------------
EMAIL                     PHONE_NUMBER         HIRE_DATE JOB_ID         SALARY
------------------------- -------------------- --------- ---------- ----------
COMMISSION_PCT MANAGER_ID DEPARTMENT_ID
-------------- ---------- -------------
        114 Den                  Raphaely
DRAPHEAL                  515.127.4561         07-DEC-02 PU_MAN          11000
                      100            30

        115 Alexander            Khoo
AKHOO                     515.127.4562         18-MAY-03 PU_CLERK         3100
                      114            30

EMPLOYEE_ID FIRST_NAME           LAST_NAME
----------- -------------------- -------------------------
EMAIL                     PHONE_NUMBER         HIRE_DATE JOB_ID         SALARY
------------------------- -------------------- --------- ---------- ----------
COMMISSION_PCT MANAGER_ID DEPARTMENT_ID
-------------- ---------- -------------

        116 Shelli               Baida
SBAIDA                    515.127.4563         24-DEC-05 PU_CLERK         2900
                      114            30

        117 Sigal                Tobias
STOBIAS                   515.127.4564         24-JUL-05 PU_CLERK         2800

EMPLOYEE_ID FIRST_NAME           LAST_NAME
----------- -------------------- -------------------------
EMAIL                     PHONE_NUMBER         HIRE_DATE JOB_ID         SALARY
------------------------- -------------------- --------- ---------- ----------
COMMISSION_PCT MANAGER_ID DEPARTMENT_ID
-------------- ---------- -------------
                      114            30

        118 Guy                  Himuro
GHIMURO                   515.127.4565         15-NOV-06 PU_CLERK         2600
                      114            30

        119 Karen                Colmenares

EMPLOYEE_ID FIRST_NAME           LAST_NAME
----------- -------------------- -------------------------
EMAIL                     PHONE_NUMBER         HIRE_DATE JOB_ID         SALARY
------------------------- -------------------- --------- ---------- ----------
COMMISSION_PCT MANAGER_ID DEPARTMENT_ID
-------------- ---------- -------------
KCOLMENA                  515.127.4566         10-AUG-07 PU_CLERK         2500
                      114            30

        120 Matthew              Weiss
MWEISS                    650.123.1234         18-JUL-04 ST_MAN           8000
                      100            50


EMPLOYEE_ID FIRST_NAME           LAST_NAME
----------- -------------------- -------------------------
EMAIL                     PHONE_NUMBER         HIRE_DATE JOB_ID         SALARY
------------------------- -------------------- --------- ---------- ----------
COMMISSION_PCT MANAGER_ID DEPARTMENT_ID
-------------- ---------- -------------
        121 Adam                 Fripp
AFRIPP                    650.123.2234         10-APR-05 ST_MAN           8200
                      100            50

        122 Payam                Kaufling
PKAUFLIN                  650.123.3234         01-MAY-03 ST_MAN           7900
                      100            50

EMPLOYEE_ID FIRST_NAME           LAST_NAME
----------- -------------------- -------------------------
EMAIL                     PHONE_NUMBER         HIRE_DATE JOB_ID         SALARY
------------------------- -------------------- --------- ---------- ----------
COMMISSION_PCT MANAGER_ID DEPARTMENT_ID
-------------- ---------- -------------

        123 Shanta               Vollman
SVOLLMAN                  650.123.4234         10-OCT-05 ST_MAN           6500
                      100            50

        124 Kevin                Mourgos
KMOURGOS                  650.123.5234         16-NOV-07 ST_MAN           5800

EMPLOYEE_ID FIRST_NAME           LAST_NAME
----------- -------------------- -------------------------
EMAIL                     PHONE_NUMBER         HIRE_DATE JOB_ID         SALARY
------------------------- -------------------- --------- ---------- ----------
COMMISSION_PCT MANAGER_ID DEPARTMENT_ID
-------------- ---------- -------------
                      100            50

        125 Julia                Nayer
JNAYER                    650.124.1214         16-JUL-05 ST_CLERK         3200
                      120            50

        126 Irene                Mikkilineni

EMPLOYEE_ID FIRST_NAME           LAST_NAME
----------- -------------------- -------------------------
EMAIL                     PHONE_NUMBER         HIRE_DATE JOB_ID         SALARY
------------------------- -------------------- --------- ---------- ----------
COMMISSION_PCT MANAGER_ID DEPARTMENT_ID
-------------- ---------- -------------
IMIKKILI                  650.124.1224         28-SEP-06 ST_CLERK         2700
                      120            50

        127 James                Landry
JLANDRY                   650.124.1334         14-JAN-07 ST_CLERK         2400
                      120            50


EMPLOYEE_ID FIRST_NAME           LAST_NAME
----------- -------------------- -------------------------
EMAIL                     PHONE_NUMBER         HIRE_DATE JOB_ID         SALARY
------------------------- -------------------- --------- ---------- ----------
COMMISSION_PCT MANAGER_ID DEPARTMENT_ID
-------------- ---------- -------------
        128 Steven               Markle
SMARKLE                   650.124.1434         08-MAR-08 ST_CLERK         2200
                      120            50

        129 Laura                Bissot
LBISSOT                   650.124.5234         20-AUG-05 ST_CLERK         3300
                      121            50

EMPLOYEE_ID FIRST_NAME           LAST_NAME
----------- -------------------- -------------------------
EMAIL                     PHONE_NUMBER         HIRE_DATE JOB_ID         SALARY
------------------------- -------------------- --------- ---------- ----------
COMMISSION_PCT MANAGER_ID DEPARTMENT_ID
-------------- ---------- -------------

        130 Mozhe                Atkinson
MATKINSO                  650.124.6234         30-OCT-05 ST_CLERK         2800
                      121            50

        131 James                Marlow
JAMRLOW                   650.124.7234         16-FEB-05 ST_CLERK         2500

EMPLOYEE_ID FIRST_NAME           LAST_NAME
----------- -------------------- -------------------------
EMAIL                     PHONE_NUMBER         HIRE_DATE JOB_ID         SALARY
------------------------- -------------------- --------- ---------- ----------
COMMISSION_PCT MANAGER_ID DEPARTMENT_ID
-------------- ---------- -------------
                      121            50

        132 TJ                   Olson
TJOLSON                   650.124.8234         10-APR-07 ST_CLERK         2100
                      121            50

        133 Jason                Mallin

EMPLOYEE_ID FIRST_NAME           LAST_NAME
----------- -------------------- -------------------------
EMAIL                     PHONE_NUMBER         HIRE_DATE JOB_ID         SALARY
------------------------- -------------------- --------- ---------- ----------
COMMISSION_PCT MANAGER_ID DEPARTMENT_ID
-------------- ---------- -------------
JMALLIN                   650.127.1934         14-JUN-04 ST_CLERK         3300
                      122            50

        134 Michael              Rogers
MROGERS                   650.127.1834         26-AUG-06 ST_CLERK         2900
                      122            50


EMPLOYEE_ID FIRST_NAME           LAST_NAME
----------- -------------------- -------------------------
EMAIL                     PHONE_NUMBER         HIRE_DATE JOB_ID         SALARY
------------------------- -------------------- --------- ---------- ----------
COMMISSION_PCT MANAGER_ID DEPARTMENT_ID
-------------- ---------- -------------
        135 Ki                   Gee
KGEE                      650.127.1734         12-DEC-07 ST_CLERK         2400
                      122            50

        136 Hazel                Philtanker
HPHILTAN                  650.127.1634         06-FEB-08 ST_CLERK         2200
                      122            50

EMPLOYEE_ID FIRST_NAME           LAST_NAME
----------- -------------------- -------------------------
EMAIL                     PHONE_NUMBER         HIRE_DATE JOB_ID         SALARY
------------------------- -------------------- --------- ---------- ----------
COMMISSION_PCT MANAGER_ID DEPARTMENT_ID
-------------- ---------- -------------

        137 Renske               Ladwig
RLADWIG                   650.121.1234         14-JUL-03 ST_CLERK         3600
                      123            50

        138 Stephen              Stiles
SSTILES                   650.121.2034         26-OCT-05 ST_CLERK         3200

EMPLOYEE_ID FIRST_NAME           LAST_NAME
----------- -------------------- -------------------------
EMAIL                     PHONE_NUMBER         HIRE_DATE JOB_ID         SALARY
------------------------- -------------------- --------- ---------- ----------
COMMISSION_PCT MANAGER_ID DEPARTMENT_ID
-------------- ---------- -------------
                      123            50

        139 John                 Seo
JSEO                      650.121.2019         12-FEB-06 ST_CLERK         2700
                      123            50

        140 Joshua               Patel

EMPLOYEE_ID FIRST_NAME           LAST_NAME
----------- -------------------- -------------------------
EMAIL                     PHONE_NUMBER         HIRE_DATE JOB_ID         SALARY
------------------------- -------------------- --------- ---------- ----------
COMMISSION_PCT MANAGER_ID DEPARTMENT_ID
-------------- ---------- -------------
JPATEL                    650.121.1834         06-APR-06 ST_CLERK         2500
                      123            50

        141 Trenna               Rajs
TRAJS                     650.121.8009         17-OCT-03 ST_CLERK         3500
                      124            50


EMPLOYEE_ID FIRST_NAME           LAST_NAME
----------- -------------------- -------------------------
EMAIL                     PHONE_NUMBER         HIRE_DATE JOB_ID         SALARY
------------------------- -------------------- --------- ---------- ----------
COMMISSION_PCT MANAGER_ID DEPARTMENT_ID
-------------- ---------- -------------
        142 Curtis               Davies
CDAVIES                   650.121.2994         29-JAN-05 ST_CLERK         3100
                      124            50

        143 Randall              Matos
RMATOS                    650.121.2874         15-MAR-06 ST_CLERK         2600
                      124            50

EMPLOYEE_ID FIRST_NAME           LAST_NAME
----------- -------------------- -------------------------
EMAIL                     PHONE_NUMBER         HIRE_DATE JOB_ID         SALARY
------------------------- -------------------- --------- ---------- ----------
COMMISSION_PCT MANAGER_ID DEPARTMENT_ID
-------------- ---------- -------------

        144 Peter                Vargas
PVARGAS                   650.121.2004         09-JUL-06 ST_CLERK         2500
                      124            50

        145 John                 Russell
JRUSSEL                   011.44.1344.429268   01-OCT-04 SA_MAN          14000

EMPLOYEE_ID FIRST_NAME           LAST_NAME
----------- -------------------- -------------------------
EMAIL                     PHONE_NUMBER         HIRE_DATE JOB_ID         SALARY
------------------------- -------------------- --------- ---------- ----------
COMMISSION_PCT MANAGER_ID DEPARTMENT_ID
-------------- ---------- -------------
            .4        100            80

        146 Karen                Partners
KPARTNER                  011.44.1344.467268   05-JAN-05 SA_MAN          13500
            .3        100            80

        147 Alberto              Errazuriz

EMPLOYEE_ID FIRST_NAME           LAST_NAME
----------- -------------------- -------------------------
EMAIL                     PHONE_NUMBER         HIRE_DATE JOB_ID         SALARY
------------------------- -------------------- --------- ---------- ----------
COMMISSION_PCT MANAGER_ID DEPARTMENT_ID
-------------- ---------- -------------
AERRAZUR                  011.44.1344.429278   10-MAR-05 SA_MAN          12000
            .3        100            80

        148 Gerald               Cambrault
GCAMBRAU                  011.44.1344.619268   15-OCT-07 SA_MAN          11000
            .3        100            80


EMPLOYEE_ID FIRST_NAME           LAST_NAME
----------- -------------------- -------------------------
EMAIL                     PHONE_NUMBER         HIRE_DATE JOB_ID         SALARY
------------------------- -------------------- --------- ---------- ----------
COMMISSION_PCT MANAGER_ID DEPARTMENT_ID
-------------- ---------- -------------
        149 Eleni                Zlotkey
EZLOTKEY                  011.44.1344.429018   29-JAN-08 SA_MAN          10500
            .2        100            80

        150 Peter                Tucker
PTUCKER                   011.44.1344.129268   30-JAN-05 SA_REP          10000
            .3        145            80

EMPLOYEE_ID FIRST_NAME           LAST_NAME
----------- -------------------- -------------------------
EMAIL                     PHONE_NUMBER         HIRE_DATE JOB_ID         SALARY
------------------------- -------------------- --------- ---------- ----------
COMMISSION_PCT MANAGER_ID DEPARTMENT_ID
-------------- ---------- -------------

        151 David                Bernstein
DBERNSTE                  011.44.1344.345268   24-MAR-05 SA_REP           9500
           .25        145            80

        152 Peter                Hall
PHALL                     011.44.1344.478968   20-AUG-05 SA_REP           9000

EMPLOYEE_ID FIRST_NAME           LAST_NAME
----------- -------------------- -------------------------
EMAIL                     PHONE_NUMBER         HIRE_DATE JOB_ID         SALARY
------------------------- -------------------- --------- ---------- ----------
COMMISSION_PCT MANAGER_ID DEPARTMENT_ID
-------------- ---------- -------------
           .25        145            80

        153 Christopher          Olsen
COLSEN                    011.44.1344.498718   30-MAR-06 SA_REP           8000
            .2        145            80

        154 Nanette              Cambrault

EMPLOYEE_ID FIRST_NAME           LAST_NAME
----------- -------------------- -------------------------
EMAIL                     PHONE_NUMBER         HIRE_DATE JOB_ID         SALARY
------------------------- -------------------- --------- ---------- ----------
COMMISSION_PCT MANAGER_ID DEPARTMENT_ID
-------------- ---------- -------------
NCAMBRAU                  011.44.1344.987668   09-DEC-06 SA_REP           7500
            .2        145            80

        155 Oliver               Tuvault
OTUVAULT                  011.44.1344.486508   23-NOV-07 SA_REP           7000
           .15        145            80


EMPLOYEE_ID FIRST_NAME           LAST_NAME
----------- -------------------- -------------------------
EMAIL                     PHONE_NUMBER         HIRE_DATE JOB_ID         SALARY
------------------------- -------------------- --------- ---------- ----------
COMMISSION_PCT MANAGER_ID DEPARTMENT_ID
-------------- ---------- -------------
        156 Janette              King
JKING                     011.44.1345.429268   30-JAN-04 SA_REP          10000
           .35        146            80

        157 Patrick              Sully
PSULLY                    011.44.1345.929268   04-MAR-04 SA_REP           9500
           .35        146            80

EMPLOYEE_ID FIRST_NAME           LAST_NAME
----------- -------------------- -------------------------
EMAIL                     PHONE_NUMBER         HIRE_DATE JOB_ID         SALARY
------------------------- -------------------- --------- ---------- ----------
COMMISSION_PCT MANAGER_ID DEPARTMENT_ID
-------------- ---------- -------------

        158 Allan                McEwen
AMCEWEN                   011.44.1345.829268   01-AUG-04 SA_REP           9000
           .35        146            80

        159 Lindsey              Smith
LSMITH                    011.44.1345.729268   10-MAR-05 SA_REP           8000

EMPLOYEE_ID FIRST_NAME           LAST_NAME
----------- -------------------- -------------------------
EMAIL                     PHONE_NUMBER         HIRE_DATE JOB_ID         SALARY
------------------------- -------------------- --------- ---------- ----------
COMMISSION_PCT MANAGER_ID DEPARTMENT_ID
-------------- ---------- -------------
            .3        146            80

        160 Louise               Doran
LDORAN                    011.44.1345.629268   15-DEC-05 SA_REP           7500
            .3        146            80

        161 Sarath               Sewall

EMPLOYEE_ID FIRST_NAME           LAST_NAME
----------- -------------------- -------------------------
EMAIL                     PHONE_NUMBER         HIRE_DATE JOB_ID         SALARY
------------------------- -------------------- --------- ---------- ----------
COMMISSION_PCT MANAGER_ID DEPARTMENT_ID
-------------- ---------- -------------
SSEWALL                   011.44.1345.529268   03-NOV-06 SA_REP           7000
           .25        146            80

        162 Clara                Vishney
CVISHNEY                  011.44.1346.129268   11-NOV-05 SA_REP          10500
           .25        147            80


EMPLOYEE_ID FIRST_NAME           LAST_NAME
----------- -------------------- -------------------------
EMAIL                     PHONE_NUMBER         HIRE_DATE JOB_ID         SALARY
------------------------- -------------------- --------- ---------- ----------
COMMISSION_PCT MANAGER_ID DEPARTMENT_ID
-------------- ---------- -------------
        163 Danielle             Greene
DGREENE                   011.44.1346.229268   19-MAR-07 SA_REP           9500
           .15        147            80

        164 Mattea               Marvins
MMARVINS                  011.44.1346.329268   24-JAN-08 SA_REP           7200
            .1        147            80

EMPLOYEE_ID FIRST_NAME           LAST_NAME
----------- -------------------- -------------------------
EMAIL                     PHONE_NUMBER         HIRE_DATE JOB_ID         SALARY
------------------------- -------------------- --------- ---------- ----------
COMMISSION_PCT MANAGER_ID DEPARTMENT_ID
-------------- ---------- -------------

        165 David                Lee
DLEE                      011.44.1346.529268   23-FEB-08 SA_REP           6800
            .1        147            80

        166 Sundar               Ande
SANDE                     011.44.1346.629268   24-MAR-08 SA_REP           6400

EMPLOYEE_ID FIRST_NAME           LAST_NAME
----------- -------------------- -------------------------
EMAIL                     PHONE_NUMBER         HIRE_DATE JOB_ID         SALARY
------------------------- -------------------- --------- ---------- ----------
COMMISSION_PCT MANAGER_ID DEPARTMENT_ID
-------------- ---------- -------------
            .1        147            80

        167 Amit                 Banda
ABANDA                    011.44.1346.729268   21-APR-08 SA_REP           6200
            .1        147            80

        168 Lisa                 Ozer

EMPLOYEE_ID FIRST_NAME           LAST_NAME
----------- -------------------- -------------------------
EMAIL                     PHONE_NUMBER         HIRE_DATE JOB_ID         SALARY
------------------------- -------------------- --------- ---------- ----------
COMMISSION_PCT MANAGER_ID DEPARTMENT_ID
-------------- ---------- -------------
LOZER                     011.44.1343.929268   11-MAR-05 SA_REP          11500
           .25        148            80

        169 Harrison             Bloom
HBLOOM                    011.44.1343.829268   23-MAR-06 SA_REP          10000
            .2        148            80


EMPLOYEE_ID FIRST_NAME           LAST_NAME
----------- -------------------- -------------------------
EMAIL                     PHONE_NUMBER         HIRE_DATE JOB_ID         SALARY
------------------------- -------------------- --------- ---------- ----------
COMMISSION_PCT MANAGER_ID DEPARTMENT_ID
-------------- ---------- -------------
        170 Tayler               Fox
TFOX                      011.44.1343.729268   24-JAN-06 SA_REP           9600
            .2        148            80

        171 William              Smith
WSMITH                    011.44.1343.629268   23-FEB-07 SA_REP           7400
           .15        148            80

EMPLOYEE_ID FIRST_NAME           LAST_NAME
----------- -------------------- -------------------------
EMAIL                     PHONE_NUMBER         HIRE_DATE JOB_ID         SALARY
------------------------- -------------------- --------- ---------- ----------
COMMISSION_PCT MANAGER_ID DEPARTMENT_ID
-------------- ---------- -------------

        172 Elizabeth            Bates
EBATES                    011.44.1343.529268   24-MAR-07 SA_REP           7300
           .15        148            80

        173 Sundita              Kumar
SKUMAR                    011.44.1343.329268   21-APR-08 SA_REP           6100

EMPLOYEE_ID FIRST_NAME           LAST_NAME
----------- -------------------- -------------------------
EMAIL                     PHONE_NUMBER         HIRE_DATE JOB_ID         SALARY
------------------------- -------------------- --------- ---------- ----------
COMMISSION_PCT MANAGER_ID DEPARTMENT_ID
-------------- ---------- -------------
            .1        148            80

        174 Ellen                Abel
EABEL                     011.44.1644.429267   11-MAY-04 SA_REP          11000
            .3        149            80

        175 Alyssa               Hutton

EMPLOYEE_ID FIRST_NAME           LAST_NAME
----------- -------------------- -------------------------
EMAIL                     PHONE_NUMBER         HIRE_DATE JOB_ID         SALARY
------------------------- -------------------- --------- ---------- ----------
COMMISSION_PCT MANAGER_ID DEPARTMENT_ID
-------------- ---------- -------------
AHUTTON                   011.44.1644.429266   19-MAR-05 SA_REP           8800
           .25        149            80

        176 Jonathon             Taylor
JTAYLOR                   011.44.1644.429265   24-MAR-06 SA_REP           8600
            .2        149            80


EMPLOYEE_ID FIRST_NAME           LAST_NAME
----------- -------------------- -------------------------
EMAIL                     PHONE_NUMBER         HIRE_DATE JOB_ID         SALARY
------------------------- -------------------- --------- ---------- ----------
COMMISSION_PCT MANAGER_ID DEPARTMENT_ID
-------------- ---------- -------------
        177 Jack                 Livingston
JLIVINGS                  011.44.1644.429264   23-APR-06 SA_REP           8400
            .2        149            80

        178 Kimberely            Grant
KGRANT                    011.44.1644.429263   24-MAY-07 SA_REP           7000
           .15        149

EMPLOYEE_ID FIRST_NAME           LAST_NAME
----------- -------------------- -------------------------
EMAIL                     PHONE_NUMBER         HIRE_DATE JOB_ID         SALARY
------------------------- -------------------- --------- ---------- ----------
COMMISSION_PCT MANAGER_ID DEPARTMENT_ID
-------------- ---------- -------------

        179 Charles              Johnson
CJOHNSON                  011.44.1644.429262   04-JAN-08 SA_REP           6200
            .1        149            80

        180 Winston              Taylor
WTAYLOR                   650.507.9876         24-JAN-06 SH_CLERK         3200

EMPLOYEE_ID FIRST_NAME           LAST_NAME
----------- -------------------- -------------------------
EMAIL                     PHONE_NUMBER         HIRE_DATE JOB_ID         SALARY
------------------------- -------------------- --------- ---------- ----------
COMMISSION_PCT MANAGER_ID DEPARTMENT_ID
-------------- ---------- -------------
                      120            50

        181 Jean                 Fleaur
JFLEAUR                   650.507.9877         23-FEB-06 SH_CLERK         3100
                      120            50

        182 Martha               Sullivan

EMPLOYEE_ID FIRST_NAME           LAST_NAME
----------- -------------------- -------------------------
EMAIL                     PHONE_NUMBER         HIRE_DATE JOB_ID         SALARY
------------------------- -------------------- --------- ---------- ----------
COMMISSION_PCT MANAGER_ID DEPARTMENT_ID
-------------- ---------- -------------
MSULLIVA                  650.507.9878         21-JUN-07 SH_CLERK         2500
                      120            50

        183 Girard               Geoni
GGEONI                    650.507.9879         03-FEB-08 SH_CLERK         2800
                      120            50


EMPLOYEE_ID FIRST_NAME           LAST_NAME
----------- -------------------- -------------------------
EMAIL                     PHONE_NUMBER         HIRE_DATE JOB_ID         SALARY
------------------------- -------------------- --------- ---------- ----------
COMMISSION_PCT MANAGER_ID DEPARTMENT_ID
-------------- ---------- -------------
        184 Nandita              Sarchand
NSARCHAN                  650.509.1876         27-JAN-04 SH_CLERK         4200
                      121            50

        185 Alexis               Bull
ABULL                     650.509.2876         20-FEB-05 SH_CLERK         4100
                      121            50

EMPLOYEE_ID FIRST_NAME           LAST_NAME
----------- -------------------- -------------------------
EMAIL                     PHONE_NUMBER         HIRE_DATE JOB_ID         SALARY
------------------------- -------------------- --------- ---------- ----------
COMMISSION_PCT MANAGER_ID DEPARTMENT_ID
-------------- ---------- -------------

        186 Julia                Dellinger
JDELLING                  650.509.3876         24-JUN-06 SH_CLERK         3400
                      121            50

        187 Anthony              Cabrio
ACABRIO                   650.509.4876         07-FEB-07 SH_CLERK         3000

EMPLOYEE_ID FIRST_NAME           LAST_NAME
----------- -------------------- -------------------------
EMAIL                     PHONE_NUMBER         HIRE_DATE JOB_ID         SALARY
------------------------- -------------------- --------- ---------- ----------
COMMISSION_PCT MANAGER_ID DEPARTMENT_ID
-------------- ---------- -------------
                      121            50

        188 Kelly                Chung
KCHUNG                    650.505.1876         14-JUN-05 SH_CLERK         3800
                      122            50

        189 Jennifer             Dilly

EMPLOYEE_ID FIRST_NAME           LAST_NAME
----------- -------------------- -------------------------
EMAIL                     PHONE_NUMBER         HIRE_DATE JOB_ID         SALARY
------------------------- -------------------- --------- ---------- ----------
COMMISSION_PCT MANAGER_ID DEPARTMENT_ID
-------------- ---------- -------------
JDILLY                    650.505.2876         13-AUG-05 SH_CLERK         3600
                      122            50

        190 Timothy              Gates
TGATES                    650.505.3876         11-JUL-06 SH_CLERK         2900
                      122            50


EMPLOYEE_ID FIRST_NAME           LAST_NAME
----------- -------------------- -------------------------
EMAIL                     PHONE_NUMBER         HIRE_DATE JOB_ID         SALARY
------------------------- -------------------- --------- ---------- ----------
COMMISSION_PCT MANAGER_ID DEPARTMENT_ID
-------------- ---------- -------------
        191 Randall              Perkins
RPERKINS                  650.505.4876         19-DEC-07 SH_CLERK         2500
                      122            50

        192 Sarah                Bell
SBELL                     650.501.1876         04-FEB-04 SH_CLERK         4000
                      123            50

EMPLOYEE_ID FIRST_NAME           LAST_NAME
----------- -------------------- -------------------------
EMAIL                     PHONE_NUMBER         HIRE_DATE JOB_ID         SALARY
------------------------- -------------------- --------- ---------- ----------
COMMISSION_PCT MANAGER_ID DEPARTMENT_ID
-------------- ---------- -------------

        193 Britney              Everett
BEVERETT                  650.501.2876         03-MAR-05 SH_CLERK         3900
                      123            50

        194 Samuel               McCain
SMCCAIN                   650.501.3876         01-JUL-06 SH_CLERK         3200

EMPLOYEE_ID FIRST_NAME           LAST_NAME
----------- -------------------- -------------------------
EMAIL                     PHONE_NUMBER         HIRE_DATE JOB_ID         SALARY
------------------------- -------------------- --------- ---------- ----------
COMMISSION_PCT MANAGER_ID DEPARTMENT_ID
-------------- ---------- -------------
                      123            50

        195 Vance                Jones
VJONES                    650.501.4876         17-MAR-07 SH_CLERK         2800
                      123            50

        196 Alana                Walsh

EMPLOYEE_ID FIRST_NAME           LAST_NAME
----------- -------------------- -------------------------
EMAIL                     PHONE_NUMBER         HIRE_DATE JOB_ID         SALARY
------------------------- -------------------- --------- ---------- ----------
COMMISSION_PCT MANAGER_ID DEPARTMENT_ID
-------------- ---------- -------------
AWALSH                    650.507.9811         24-APR-06 SH_CLERK         3100
                      124            50

        197 Kevin                Feeney
KFEENEY                   650.507.9822         23-MAY-06 SH_CLERK         3000
                      124            50


EMPLOYEE_ID FIRST_NAME           LAST_NAME
----------- -------------------- -------------------------
EMAIL                     PHONE_NUMBER         HIRE_DATE JOB_ID         SALARY
------------------------- -------------------- --------- ---------- ----------
COMMISSION_PCT MANAGER_ID DEPARTMENT_ID
-------------- ---------- -------------
        198 Donald               OConnell
DOCONNEL                  650.507.9833         21-JUN-07 SH_CLERK         2600
                      124            50

        199 Douglas              Grant
DGRANT                    650.507.9844         13-JAN-08 SH_CLERK         2600
                      124            50

EMPLOYEE_ID FIRST_NAME           LAST_NAME
----------- -------------------- -------------------------
EMAIL                     PHONE_NUMBER         HIRE_DATE JOB_ID         SALARY
------------------------- -------------------- --------- ---------- ----------
COMMISSION_PCT MANAGER_ID DEPARTMENT_ID
-------------- ---------- -------------

        200 Jennifer             Whalen
JWHALEN                   515.123.4444         17-SEP-03 AD_ASST          4400
                      101            10

        201 Michael              Hartstein
MHARTSTE                  515.123.5555         17-FEB-04 MK_MAN          13000

EMPLOYEE_ID FIRST_NAME           LAST_NAME
----------- -------------------- -------------------------
EMAIL                     PHONE_NUMBER         HIRE_DATE JOB_ID         SALARY
------------------------- -------------------- --------- ---------- ----------
COMMISSION_PCT MANAGER_ID DEPARTMENT_ID
-------------- ---------- -------------
                      100            20

        202 Pat                  Fay
PFAY                      603.123.6666         17-AUG-05 MK_REP           6000
                      201            20

        203 Susan                Mavris

EMPLOYEE_ID FIRST_NAME           LAST_NAME
----------- -------------------- -------------------------
EMAIL                     PHONE_NUMBER         HIRE_DATE JOB_ID         SALARY
------------------------- -------------------- --------- ---------- ----------
COMMISSION_PCT MANAGER_ID DEPARTMENT_ID
-------------- ---------- -------------
SMAVRIS                   515.123.7777         07-JUN-02 HR_REP           6500
                      101            40

        204 Hermann              Baer
HBAER                     515.123.8888         07-JUN-02 PR_REP          10000
                      101            70


EMPLOYEE_ID FIRST_NAME           LAST_NAME
----------- -------------------- -------------------------
EMAIL                     PHONE_NUMBER         HIRE_DATE JOB_ID         SALARY
------------------------- -------------------- --------- ---------- ----------
COMMISSION_PCT MANAGER_ID DEPARTMENT_ID
-------------- ---------- -------------
        205 Shelley              Higgins
SHIGGINS                  515.123.8080         07-JUN-02 AC_MGR          12008
                      101           110

        206 William              Gietz
WGIETZ                    515.123.8181         07-JUN-02 AC_ACCOUNT       8300
                      205           110

EMPLOYEE_ID FIRST_NAME           LAST_NAME
----------- -------------------- -------------------------
EMAIL                     PHONE_NUMBER         HIRE_DATE JOB_ID         SALARY
------------------------- -------------------- --------- ---------- ----------
COMMISSION_PCT MANAGER_ID DEPARTMENT_ID
-------------- ---------- -------------


107 rows selected.

SQL> select employee_id, department_id from employees;

EMPLOYEE_ID DEPARTMENT_ID
----------- -------------
        100            90
        101            90
        102            90
        103            60
        104            60
        105            60
        106            60
        107            60
        108           100
        109           100
        110           100

EMPLOYEE_ID DEPARTMENT_ID
----------- -------------
        111           100
        112           100
        113           100
        114            30
        115            30
        116            30
        117            30
        118            30
        119            30
        120            50
        121            50

EMPLOYEE_ID DEPARTMENT_ID
----------- -------------
        122            50
        123            50
        124            50
        125            50
        126            50
        127            50
        128            50
        129            50
        130            50
        131            50
        132            50

EMPLOYEE_ID DEPARTMENT_ID
----------- -------------
        133            50
        134            50
        135            50
        136            50
        137            50
        138            50
        139            50
        140            50
        141            50
        142            50
        143            50

EMPLOYEE_ID DEPARTMENT_ID
----------- -------------
        144            50
        145            80
        146            80
        147            80
        148            80
        149            80
        150            80
        151            80
        152            80
        153            80
        154            80

EMPLOYEE_ID DEPARTMENT_ID
----------- -------------
        155            80
        156            80
        157            80
        158            80
        159            80
        160            80
        161            80
        162            80
        163            80
        164            80
        165            80

EMPLOYEE_ID DEPARTMENT_ID
----------- -------------
        166            80
        167            80
        168            80
        169            80
        170            80
        171            80
        172            80
        173            80
        174            80
        175            80
        176            80

EMPLOYEE_ID DEPARTMENT_ID
----------- -------------
        177            80
        178
        179            80
        180            50
        181            50
        182            50
        183            50
        184            50
        185            50
        186            50
        187            50

EMPLOYEE_ID DEPARTMENT_ID
----------- -------------
        188            50
        189            50
        190            50
        191            50
        192            50
        193            50
        194            50
        195            50
        196            50
        197            50
        198            50

EMPLOYEE_ID DEPARTMENT_ID
----------- -------------
        199            50
        200            10
        201            20
        202            20
        203            40
        204            70
        205           110
        206           110

107 rows selected.

SQL> select employee_id as id , first_name as name , salary as wage from employees;

        ID NAME                       WAGE
---------- -------------------- ----------
       100 Steven                    24000
       101 Neena                     17000
       102 Lex                       17000
       103 Alexander                  9000
       104 Bruce                      6000
       105 David                      4800
       106 Valli                      4800
       107 Diana                      4200
       108 Nancy                     12008
       109 Daniel                     9000
       110 John                       8200

        ID NAME                       WAGE
---------- -------------------- ----------
       111 Ismael                     7700
       112 Jose Manuel                7800
       113 Luis                       6900
       114 Den                       11000
       115 Alexander                  3100
       116 Shelli                     2900
       117 Sigal                      2800
       118 Guy                        2600
       119 Karen                      2500
       120 Matthew                    8000
       121 Adam                       8200

        ID NAME                       WAGE
---------- -------------------- ----------
       122 Payam                      7900
       123 Shanta                     6500
       124 Kevin                      5800
       125 Julia                      3200
       126 Irene                      2700
       127 James                      2400
       128 Steven                     2200
       129 Laura                      3300
       130 Mozhe                      2800
       131 James                      2500
       132 TJ                         2100

        ID NAME                       WAGE
---------- -------------------- ----------
       133 Jason                      3300
       134 Michael                    2900
       135 Ki                         2400
       136 Hazel                      2200
       137 Renske                     3600
       138 Stephen                    3200
       139 John                       2700
       140 Joshua                     2500
       141 Trenna                     3500
       142 Curtis                     3100
       143 Randall                    2600

        ID NAME                       WAGE
---------- -------------------- ----------
       144 Peter                      2500
       145 John                      14000
       146 Karen                     13500
       147 Alberto                   12000
       148 Gerald                    11000
       149 Eleni                     10500
       150 Peter                     10000
       151 David                      9500
       152 Peter                      9000
       153 Christopher                8000
       154 Nanette                    7500

        ID NAME                       WAGE
---------- -------------------- ----------
       155 Oliver                     7000
       156 Janette                   10000
       157 Patrick                    9500
       158 Allan                      9000
       159 Lindsey                    8000
       160 Louise                     7500
       161 Sarath                     7000
       162 Clara                     10500
       163 Danielle                   9500
       164 Mattea                     7200
       165 David                      6800

        ID NAME                       WAGE
---------- -------------------- ----------
       166 Sundar                     6400
       167 Amit                       6200
       168 Lisa                      11500
       169 Harrison                  10000
       170 Tayler                     9600
       171 William                    7400
       172 Elizabeth                  7300
       173 Sundita                    6100
       174 Ellen                     11000
       175 Alyssa                     8800
       176 Jonathon                   8600

        ID NAME                       WAGE
---------- -------------------- ----------
       177 Jack                       8400
       178 Kimberely                  7000
       179 Charles                    6200
       180 Winston                    3200
       181 Jean                       3100
       182 Martha                     2500
       183 Girard                     2800
       184 Nandita                    4200
       185 Alexis                     4100
       186 Julia                      3400
       187 Anthony                    3000

        ID NAME                       WAGE
---------- -------------------- ----------
       188 Kelly                      3800
       189 Jennifer                   3600
       190 Timothy                    2900
       191 Randall                    2500
       192 Sarah                      4000
       193 Britney                    3900
       194 Samuel                     3200
       195 Vance                      2800
       196 Alana                      3100
       197 Kevin                      3000
       198 Donald                     2600

        ID NAME                       WAGE
---------- -------------------- ----------
       199 Douglas                    2600
       200 Jennifer                   4400
       201 Michael                   13000
       202 Pat                        6000
       203 Susan                      6500
       204 Hermann                   10000
       205 Shelley                   12008
       206 William                    8300

107 rows selected.

SQL> select employee_id, first_name, last_name , salary from employees where first_name like '%a%';

EMPLOYEE_ID FIRST_NAME           LAST_NAME                     SALARY
----------- -------------------- ------------------------- ----------
        101 Neena                Kochhar                        17000
        103 Alexander            Hunold                          9000
        105 David                Austin                          4800
        106 Valli                Pataballa                       4800
        107 Diana                Lorentz                         4200
        108 Nancy                Greenberg                      12008
        109 Daniel               Faviet                          9000
        111 Ismael               Sciarra                         7700
        112 Jose Manuel          Urman                           7800
        115 Alexander            Khoo                            3100
        117 Sigal                Tobias                          2800

EMPLOYEE_ID FIRST_NAME           LAST_NAME                     SALARY
----------- -------------------- ------------------------- ----------
        119 Karen                Colmenares                      2500
        120 Matthew              Weiss                           8000
        121 Adam                 Fripp                           8200
        122 Payam                Kaufling                        7900
        123 Shanta               Vollman                         6500
        125 Julia                Nayer                           3200
        127 James                Landry                          2400
        129 Laura                Bissot                          3300
        131 James                Marlow                          2500
        133 Jason                Mallin                          3300
        134 Michael              Rogers                          2900

EMPLOYEE_ID FIRST_NAME           LAST_NAME                     SALARY
----------- -------------------- ------------------------- ----------
        136 Hazel                Philtanker                      2200
        140 Joshua               Patel                           2500
        141 Trenna               Rajs                            3500
        143 Randall              Matos                           2600
        146 Karen                Partners                       13500
        148 Gerald               Cambrault                      11000
        151 David                Bernstein                       9500
        154 Nanette              Cambrault                       7500
        156 Janette              King                           10000
        157 Patrick              Sully                           9500
        158 Allan                McEwen                          9000

EMPLOYEE_ID FIRST_NAME           LAST_NAME                     SALARY
----------- -------------------- ------------------------- ----------
        161 Sarath               Sewall                          7000
        162 Clara                Vishney                        10500
        163 Danielle             Greene                          9500
        164 Mattea               Marvins                         7200
        165 David                Lee                             6800
        166 Sundar               Ande                            6400
        168 Lisa                 Ozer                           11500
        169 Harrison             Bloom                          10000
        170 Tayler               Fox                             9600
        171 William              Smith                           7400
        172 Elizabeth            Bates                           7300

EMPLOYEE_ID FIRST_NAME           LAST_NAME                     SALARY
----------- -------------------- ------------------------- ----------
        173 Sundita              Kumar                           6100
        175 Alyssa               Hutton                          8800
        176 Jonathon             Taylor                          8600
        177 Jack                 Livingston                      8400
        179 Charles              Johnson                         6200
        181 Jean                 Fleaur                          3100
        182 Martha               Sullivan                        2500
        183 Girard               Geoni                           2800
        184 Nandita              Sarchand                        4200
        186 Julia                Dellinger                       3400
        191 Randall              Perkins                         2500

EMPLOYEE_ID FIRST_NAME           LAST_NAME                     SALARY
----------- -------------------- ------------------------- ----------
        192 Sarah                Bell                            4000
        194 Samuel               McCain                          3200
        195 Vance                Jones                           2800
        196 Alana                Walsh                           3100
        198 Donald               OConnell                        2600
        199 Douglas              Grant                           2600
        201 Michael              Hartstein                      13000
        202 Pat                  Fay                             6000
        203 Susan                Mavris                          6500
        204 Hermann              Baer                           10000
        206 William              Gietz                           8300

66 rows selected.

SQL> select employee_id, first_name, salary from employees where first_name like '%hn%'
  2  ;

EMPLOYEE_ID FIRST_NAME               SALARY
----------- -------------------- ----------
        110 John                       8200
        139 John                       2700
        145 John                      14000

SQL> select employee_id, first_name, salary from employees where first_name like '%er%';

EMPLOYEE_ID FIRST_NAME               SALARY
----------- -------------------- ----------
        103 Alexander                  9000
        115 Alexander                  3100
        144 Peter                      2500
        147 Alberto                   12000
        148 Gerald                    11000
        150 Peter                     10000
        152 Peter                      9000
        153 Christopher                8000
        155 Oliver                     7000
        170 Tayler                     9600
        178 Kimberely                  7000

EMPLOYEE_ID FIRST_NAME               SALARY
----------- -------------------- ----------
        189 Jennifer                   3600
        200 Jennifer                   4400
        204 Hermann                   10000

14 rows selected.

SQL> select employee_id, first_name , salary from employees where first_name like '%ley%';

EMPLOYEE_ID FIRST_NAME               SALARY
----------- -------------------- ----------
        205 Shelley                   12008

SQL> select employee_id, first_name, salary from employees where first_name like '%ler%';

EMPLOYEE_ID FIRST_NAME               SALARY
----------- -------------------- ----------
        170 Tayler                     9600

SQL> select employee_id, first_name, salary from employees where first_name like '%i%';

EMPLOYEE_ID FIRST_NAME               SALARY
----------- -------------------- ----------
        105 David                      4800
        106 Valli                      4800
        107 Diana                      4200
        109 Daniel                     9000
        113 Luis                       6900
        116 Shelli                     2900
        117 Sigal                      2800
        124 Kevin                      5800
        125 Julia                      3200
        134 Michael                    2900
        135 Ki                         2400

EMPLOYEE_ID FIRST_NAME               SALARY
----------- -------------------- ----------
        142 Curtis                     3100
        149 Eleni                     10500
        151 David                      9500
        153 Christopher                8000
        155 Oliver                     7000
        157 Patrick                    9500
        159 Lindsey                    8000
        160 Louise                     7500
        163 Danielle                   9500
        165 David                      6800
        167 Amit                       6200

EMPLOYEE_ID FIRST_NAME               SALARY
----------- -------------------- ----------
        168 Lisa                      11500
        169 Harrison                  10000
        171 William                    7400
        172 Elizabeth                  7300
        173 Sundita                    6100
        178 Kimberely                  7000
        180 Winston                    3200
        183 Girard                     2800
        184 Nandita                    4200
        185 Alexis                     4100
        186 Julia                      3400

EMPLOYEE_ID FIRST_NAME               SALARY
----------- -------------------- ----------
        189 Jennifer                   3600
        190 Timothy                    2900
        193 Britney                    3900
        197 Kevin                      3000
        200 Jennifer                   4400
        201 Michael                   13000
        206 William                    8300

40 rows selected.

SQL> select employee_id, first_name, last_name from employees where first_name like '%hn%';

EMPLOYEE_ID FIRST_NAME           LAST_NAME
----------- -------------------- -------------------------
        110 John                 Chen
        139 John                 Seo
        145 John                 Russell

SQL> select employee_id, first_name, last_name from employees where first_name like '%iam%';

EMPLOYEE_ID FIRST_NAME           LAST_NAME
----------- -------------------- -------------------------
        171 William              Smith
        206 William              Gietz

SQL> select employee_id, first_name, last_name from employees where first_name like '%ia%';

EMPLOYEE_ID FIRST_NAME           LAST_NAME
----------- -------------------- -------------------------
        107 Diana                Lorentz
        125 Julia                Nayer
        171 William              Smith
        186 Julia                Dellinger
        206 William              Gietz

SQL> select employee_id, first_name , last_name from employees where last_name like '%ly%';

EMPLOYEE_ID FIRST_NAME           LAST_NAME
----------- -------------------- -------------------------
        114 Den                  Raphaely
        157 Patrick              Sully
        189 Jennifer             Dilly

SQL> select employee_id,first_name, last_name from employees where last_name like '%th%';

EMPLOYEE_ID FIRST_NAME           LAST_NAME
----------- -------------------- -------------------------
        159 Lindsey              Smith
        171 William              Smith

SQL> select employee_id, first_name , last_name from employees where last_name like '%er%';

EMPLOYEE_ID FIRST_NAME           LAST_NAME
----------- -------------------- -------------------------
        108 Nancy                Greenberg
        125 Julia                Nayer
        134 Michael              Rogers
        136 Hazel                Philtanker
        146 Karen                Partners
        150 Peter                Tucker
        151 David                Bernstein
        168 Lisa                 Ozer
        186 Julia                Dellinger
        191 Randall              Perkins
        193 Britney              Everett

EMPLOYEE_ID FIRST_NAME           LAST_NAME
----------- -------------------- -------------------------
        204 Hermann              Baer

12 rows selected.

SQL> select employee_id, first_name, last_name from employees where last_name like '%erg%';

EMPLOYEE_ID FIRST_NAME           LAST_NAME
----------- -------------------- -------------------------
        108 Nancy                Greenberg

SQL> select employee_id, first_name, last_name from employees where last_name like '%sa%';

no rows selected

SQL> select employee_id, first_name, last_name from employees where last_name like '%as%';

EMPLOYEE_ID FIRST_NAME           LAST_NAME
----------- -------------------- -------------------------
        117 Sigal                Tobias
        144 Peter                Vargas

SQL>


SQL> desc employees;
 Name                                      Null?    Type
 ----------------------------------------- -------- ----------------------------
 EMPLOYEE_ID                               NOT NULL NUMBER(6)
 FIRST_NAME                                         VARCHAR2(20)
 LAST_NAME                                 NOT NULL VARCHAR2(25)
 EMAIL                                     NOT NULL VARCHAR2(25)
 PHONE_NUMBER                                       VARCHAR2(20)
 HIRE_DATE                                 NOT NULL DATE
 JOB_ID                                    NOT NULL VARCHAR2(10)
 SALARY                                             NUMBER(8,2)
 COMMISSION_PCT                                     NUMBER(2,2)
 MANAGER_ID                                         NUMBER(6)
 DEPARTMENT_ID                                      NUMBER(4)

SQL> select employee_id, first_name , salary from employees where first_name not  like '%a%'
  2  ;

EMPLOYEE_ID FIRST_NAME               SALARY
----------- -------------------- ----------
        100 Steven                    24000
        102 Lex                       17000
        104 Bruce                      6000
        110 John                       8200
        113 Luis                       6900
        114 Den                       11000
        116 Shelli                     2900
        118 Guy                        2600
        124 Kevin                      5800
        126 Irene                      2700
        128 Steven                     2200

EMPLOYEE_ID FIRST_NAME               SALARY
----------- -------------------- ----------
        130 Mozhe                      2800
        132 TJ                         2100
        135 Ki                         2400
        137 Renske                     3600
        138 Stephen                    3200
        139 John                       2700
        142 Curtis                     3100
        144 Peter                      2500
        145 John                      14000
        147 Alberto                   12000
        149 Eleni                     10500

EMPLOYEE_ID FIRST_NAME               SALARY
----------- -------------------- ----------
        150 Peter                     10000
        152 Peter                      9000
        153 Christopher                8000
        155 Oliver                     7000
        159 Lindsey                    8000
        160 Louise                     7500
        167 Amit                       6200
        174 Ellen                     11000
        178 Kimberely                  7000
        180 Winston                    3200
        185 Alexis                     4100

EMPLOYEE_ID FIRST_NAME               SALARY
----------- -------------------- ----------
        187 Anthony                    3000
        188 Kelly                      3800
        189 Jennifer                   3600
        190 Timothy                    2900
        193 Britney                    3900
        197 Kevin                      3000
        200 Jennifer                   4400
        205 Shelley                   12008

41 rows selected.

SQL> select employee_id, first_name, last_name from employees where first_name not like '%ah%';

EMPLOYEE_ID FIRST_NAME           LAST_NAME
----------- -------------------- -------------------------
        100 Steven               King
        101 Neena                Kochhar
        102 Lex                  De Haan
        103 Alexander            Hunold
        104 Bruce                Ernst
        105 David                Austin
        106 Valli                Pataballa
        107 Diana                Lorentz
        108 Nancy                Greenberg
        109 Daniel               Faviet
        110 John                 Chen

EMPLOYEE_ID FIRST_NAME           LAST_NAME
----------- -------------------- -------------------------
        111 Ismael               Sciarra
        112 Jose Manuel          Urman
        113 Luis                 Popp
        114 Den                  Raphaely
        115 Alexander            Khoo
        116 Shelli               Baida
        117 Sigal                Tobias
        118 Guy                  Himuro
        119 Karen                Colmenares
        120 Matthew              Weiss
        121 Adam                 Fripp

EMPLOYEE_ID FIRST_NAME           LAST_NAME
----------- -------------------- -------------------------
        122 Payam                Kaufling
        123 Shanta               Vollman
        124 Kevin                Mourgos
        125 Julia                Nayer
        126 Irene                Mikkilineni
        127 James                Landry
        128 Steven               Markle
        129 Laura                Bissot
        130 Mozhe                Atkinson
        131 James                Marlow
        132 TJ                   Olson

EMPLOYEE_ID FIRST_NAME           LAST_NAME
----------- -------------------- -------------------------
        133 Jason                Mallin
        134 Michael              Rogers
        135 Ki                   Gee
        136 Hazel                Philtanker
        137 Renske               Ladwig
        138 Stephen              Stiles
        139 John                 Seo
        140 Joshua               Patel
        141 Trenna               Rajs
        142 Curtis               Davies
        143 Randall              Matos

EMPLOYEE_ID FIRST_NAME           LAST_NAME
----------- -------------------- -------------------------
        144 Peter                Vargas
        145 John                 Russell
        146 Karen                Partners
        147 Alberto              Errazuriz
        148 Gerald               Cambrault
        149 Eleni                Zlotkey
        150 Peter                Tucker
        151 David                Bernstein
        152 Peter                Hall
        153 Christopher          Olsen
        154 Nanette              Cambrault

EMPLOYEE_ID FIRST_NAME           LAST_NAME
----------- -------------------- -------------------------
        155 Oliver               Tuvault
        156 Janette              King
        157 Patrick              Sully
        158 Allan                McEwen
        159 Lindsey              Smith
        160 Louise               Doran
        161 Sarath               Sewall
        162 Clara                Vishney
        163 Danielle             Greene
        164 Mattea               Marvins
        165 David                Lee

EMPLOYEE_ID FIRST_NAME           LAST_NAME
----------- -------------------- -------------------------
        166 Sundar               Ande
        167 Amit                 Banda
        168 Lisa                 Ozer
        169 Harrison             Bloom
        170 Tayler               Fox
        171 William              Smith
        172 Elizabeth            Bates
        173 Sundita              Kumar
        174 Ellen                Abel
        175 Alyssa               Hutton
        176 Jonathon             Taylor

EMPLOYEE_ID FIRST_NAME           LAST_NAME
----------- -------------------- -------------------------
        177 Jack                 Livingston
        178 Kimberely            Grant
        179 Charles              Johnson
        180 Winston              Taylor
        181 Jean                 Fleaur
        182 Martha               Sullivan
        183 Girard               Geoni
        184 Nandita              Sarchand
        185 Alexis               Bull
        186 Julia                Dellinger
        187 Anthony              Cabrio

EMPLOYEE_ID FIRST_NAME           LAST_NAME
----------- -------------------- -------------------------
        188 Kelly                Chung
        189 Jennifer             Dilly
        190 Timothy              Gates
        191 Randall              Perkins
        193 Britney              Everett
        194 Samuel               McCain
        195 Vance                Jones
        196 Alana                Walsh
        197 Kevin                Feeney
        198 Donald               OConnell
        199 Douglas              Grant

EMPLOYEE_ID FIRST_NAME           LAST_NAME
----------- -------------------- -------------------------
        200 Jennifer             Whalen
        201 Michael              Hartstein
        202 Pat                  Fay
        203 Susan                Mavris
        204 Hermann              Baer
        205 Shelley              Higgins
        206 William              Gietz

106 rows selected.

SQL> Select employee_id, first_name, last_name, salary from employees where first_name not like '%er%'
  2  ;

EMPLOYEE_ID FIRST_NAME           LAST_NAME                     SALARY
----------- -------------------- ------------------------- ----------
        100 Steven               King                           24000
        101 Neena                Kochhar                        17000
        102 Lex                  De Haan                        17000
        104 Bruce                Ernst                           6000
        105 David                Austin                          4800
        106 Valli                Pataballa                       4800
        107 Diana                Lorentz                         4200
        108 Nancy                Greenberg                      12008
        109 Daniel               Faviet                          9000
        110 John                 Chen                            8200
        111 Ismael               Sciarra                         7700

EMPLOYEE_ID FIRST_NAME           LAST_NAME                     SALARY
----------- -------------------- ------------------------- ----------
        112 Jose Manuel          Urman                           7800
        113 Luis                 Popp                            6900
        114 Den                  Raphaely                       11000
        116 Shelli               Baida                           2900
        117 Sigal                Tobias                          2800
        118 Guy                  Himuro                          2600
        119 Karen                Colmenares                      2500
        120 Matthew              Weiss                           8000
        121 Adam                 Fripp                           8200
        122 Payam                Kaufling                        7900
        123 Shanta               Vollman                         6500

EMPLOYEE_ID FIRST_NAME           LAST_NAME                     SALARY
----------- -------------------- ------------------------- ----------
        124 Kevin                Mourgos                         5800
        125 Julia                Nayer                           3200
        126 Irene                Mikkilineni                     2700
        127 James                Landry                          2400
        128 Steven               Markle                          2200
        129 Laura                Bissot                          3300
        130 Mozhe                Atkinson                        2800
        131 James                Marlow                          2500
        132 TJ                   Olson                           2100
        133 Jason                Mallin                          3300
        134 Michael              Rogers                          2900

EMPLOYEE_ID FIRST_NAME           LAST_NAME                     SALARY
----------- -------------------- ------------------------- ----------
        135 Ki                   Gee                             2400
        136 Hazel                Philtanker                      2200
        137 Renske               Ladwig                          3600
        138 Stephen              Stiles                          3200
        139 John                 Seo                             2700
        140 Joshua               Patel                           2500
        141 Trenna               Rajs                            3500
        142 Curtis               Davies                          3100
        143 Randall              Matos                           2600
        145 John                 Russell                        14000
        146 Karen                Partners                       13500

EMPLOYEE_ID FIRST_NAME           LAST_NAME                     SALARY
----------- -------------------- ------------------------- ----------
        149 Eleni                Zlotkey                        10500
        151 David                Bernstein                       9500
        154 Nanette              Cambrault                       7500
        156 Janette              King                           10000
        157 Patrick              Sully                           9500
        158 Allan                McEwen                          9000
        159 Lindsey              Smith                           8000
        160 Louise               Doran                           7500
        161 Sarath               Sewall                          7000
        162 Clara                Vishney                        10500
        163 Danielle             Greene                          9500

EMPLOYEE_ID FIRST_NAME           LAST_NAME                     SALARY
----------- -------------------- ------------------------- ----------
        164 Mattea               Marvins                         7200
        165 David                Lee                             6800
        166 Sundar               Ande                            6400
        167 Amit                 Banda                           6200
        168 Lisa                 Ozer                           11500
        169 Harrison             Bloom                          10000
        171 William              Smith                           7400
        172 Elizabeth            Bates                           7300
        173 Sundita              Kumar                           6100
        174 Ellen                Abel                           11000
        175 Alyssa               Hutton                          8800

EMPLOYEE_ID FIRST_NAME           LAST_NAME                     SALARY
----------- -------------------- ------------------------- ----------
        176 Jonathon             Taylor                          8600
        177 Jack                 Livingston                      8400
        179 Charles              Johnson                         6200
        180 Winston              Taylor                          3200
        181 Jean                 Fleaur                          3100
        182 Martha               Sullivan                        2500
        183 Girard               Geoni                           2800
        184 Nandita              Sarchand                        4200
        185 Alexis               Bull                            4100
        186 Julia                Dellinger                       3400
        187 Anthony              Cabrio                          3000

EMPLOYEE_ID FIRST_NAME           LAST_NAME                     SALARY
----------- -------------------- ------------------------- ----------
        188 Kelly                Chung                           3800
        190 Timothy              Gates                           2900
        191 Randall              Perkins                         2500
        192 Sarah                Bell                            4000
        193 Britney              Everett                         3900
        194 Samuel               McCain                          3200
        195 Vance                Jones                           2800
        196 Alana                Walsh                           3100
        197 Kevin                Feeney                          3000
        198 Donald               OConnell                        2600
        199 Douglas              Grant                           2600

EMPLOYEE_ID FIRST_NAME           LAST_NAME                     SALARY
----------- -------------------- ------------------------- ----------
        201 Michael              Hartstein                      13000
        202 Pat                  Fay                             6000
        203 Susan                Mavris                          6500
        205 Shelley              Higgins                        12008
        206 William              Gietz                           8300

93 rows selected.

SQL> select employee_id, first_name, last_name from employees where  first_name not like '%ly%';

EMPLOYEE_ID FIRST_NAME           LAST_NAME
----------- -------------------- -------------------------
        100 Steven               King
        101 Neena                Kochhar
        102 Lex                  De Haan
        103 Alexander            Hunold
        104 Bruce                Ernst
        105 David                Austin
        106 Valli                Pataballa
        107 Diana                Lorentz
        108 Nancy                Greenberg
        109 Daniel               Faviet
        110 John                 Chen

EMPLOYEE_ID FIRST_NAME           LAST_NAME
----------- -------------------- -------------------------
        111 Ismael               Sciarra
        112 Jose Manuel          Urman
        113 Luis                 Popp
        114 Den                  Raphaely
        115 Alexander            Khoo
        116 Shelli               Baida
        117 Sigal                Tobias
        118 Guy                  Himuro
        119 Karen                Colmenares
        120 Matthew              Weiss
        121 Adam                 Fripp

EMPLOYEE_ID FIRST_NAME           LAST_NAME
----------- -------------------- -------------------------
        122 Payam                Kaufling
        123 Shanta               Vollman
        124 Kevin                Mourgos
        125 Julia                Nayer
        126 Irene                Mikkilineni
        127 James                Landry
        128 Steven               Markle
        129 Laura                Bissot
        130 Mozhe                Atkinson
        131 James                Marlow
        132 TJ                   Olson

EMPLOYEE_ID FIRST_NAME           LAST_NAME
----------- -------------------- -------------------------
        133 Jason                Mallin
        134 Michael              Rogers
        135 Ki                   Gee
        136 Hazel                Philtanker
        137 Renske               Ladwig
        138 Stephen              Stiles
        139 John                 Seo
        140 Joshua               Patel
        141 Trenna               Rajs
        142 Curtis               Davies
        143 Randall              Matos

EMPLOYEE_ID FIRST_NAME           LAST_NAME
----------- -------------------- -------------------------
        144 Peter                Vargas
        145 John                 Russell
        146 Karen                Partners
        147 Alberto              Errazuriz
        148 Gerald               Cambrault
        149 Eleni                Zlotkey
        150 Peter                Tucker
        151 David                Bernstein
        152 Peter                Hall
        153 Christopher          Olsen
        154 Nanette              Cambrault

EMPLOYEE_ID FIRST_NAME           LAST_NAME
----------- -------------------- -------------------------
        155 Oliver               Tuvault
        156 Janette              King
        157 Patrick              Sully
        158 Allan                McEwen
        159 Lindsey              Smith
        160 Louise               Doran
        161 Sarath               Sewall
        162 Clara                Vishney
        163 Danielle             Greene
        164 Mattea               Marvins
        165 David                Lee

EMPLOYEE_ID FIRST_NAME           LAST_NAME
----------- -------------------- -------------------------
        166 Sundar               Ande
        167 Amit                 Banda
        168 Lisa                 Ozer
        169 Harrison             Bloom
        170 Tayler               Fox
        171 William              Smith
        172 Elizabeth            Bates
        173 Sundita              Kumar
        174 Ellen                Abel
        176 Jonathon             Taylor
        177 Jack                 Livingston

EMPLOYEE_ID FIRST_NAME           LAST_NAME
----------- -------------------- -------------------------
        179 Charles              Johnson
        180 Winston              Taylor
        181 Jean                 Fleaur
        182 Martha               Sullivan
        183 Girard               Geoni
        184 Nandita              Sarchand
        185 Alexis               Bull
        186 Julia                Dellinger
        187 Anthony              Cabrio
        189 Jennifer             Dilly
        190 Timothy              Gates

EMPLOYEE_ID FIRST_NAME           LAST_NAME
----------- -------------------- -------------------------
        191 Randall              Perkins
        192 Sarah                Bell
        193 Britney              Everett
        194 Samuel               McCain
        195 Vance                Jones
        196 Alana                Walsh
        197 Kevin                Feeney
        198 Donald               OConnell
        199 Douglas              Grant
        200 Jennifer             Whalen
        201 Michael              Hartstein

EMPLOYEE_ID FIRST_NAME           LAST_NAME
----------- -------------------- -------------------------
        202 Pat                  Fay
        203 Susan                Mavris
        204 Hermann              Baer
        205 Shelley              Higgins
        206 William              Gietz

104 rows selected.

SQL>